state,names,flags,2021-02-05,2021-02-06,2021-02-07,2021-02-08,2021-02-09,2021-02-10,2021-02-11,2021-02-12,2021-02-13,2021-02-14,2021-02-15,2021-02-16,2021-02-17,2021-02-18,2021-02-19,2021-02-20,2021-02-21,2021-02-22,2021-02-23,2021-02-24,2021-02-25,2021-02-26,2021-02-27,2021-02-28,2021-03-01,2021-03-02,2021-03-03,2021-03-04,2021-03-05,2021-03-06,2021-03-07,2021-03-08,2021-03-09,2021-03-10,2021-03-11,2021-03-12,2021-03-13,2021-03-14,2021-03-15,2021-03-16,2021-03-17,2021-03-18,2021-03-19,2021-03-20,2021-03-21,2021-03-22,2021-03-23,2021-03-24,2021-03-25,2021-03-26,2021-03-27,2021-03-28,2021-03-29,2021-03-30,2021-03-31,2021-04-01,2021-04-02,2021-04-03,2021-04-04,2021-04-05,2021-04-06,2021-04-07,2021-04-08,2021-04-09,2021-04-10,2021-04-11,2021-04-12,2021-04-13,2021-04-14,2021-04-15,2021-04-16,2021-04-17,2021-04-18,2021-04-19,2021-04-20,2021-04-21,2021-04-22,2021-04-23,2021-04-24,2021-04-25,2021-04-26,2021-04-27,2021-04-28,2021-04-29,2021-04-30,2021-05-01,2021-05-02,2021-05-03,2021-05-04,2021-05-05,2021-05-06,2021-05-07,2021-05-08,2021-05-09,2021-05-10,2021-05-11,2021-05-12,2021-05-13,2021-05-14,2021-05-15,2021-05-16,2021-05-17,2021-05-18,2021-05-19,2021-05-20,2021-05-21,2021-05-22,2021-05-23,2021-05-24,2021-05-25,2021-05-26,2021-05-27,2021-05-28,2021-05-29,2021-05-30,2021-05-31,2021-06-01,2021-06-02,2021-06-03,2021-06-04,2021-06-05,2021-06-06,2021-06-07,2021-06-08,2021-06-09,2021-06-10,2021-06-11,2021-06-12,2021-06-13,2021-06-14,2021-06-15,2021-06-16,2021-06-17,2021-06-18,2021-06-19,2021-06-20,2021-06-21,2021-06-22,2021-06-23,2021-06-24,2021-06-25,2021-06-26,2021-06-27,2021-06-28,2021-06-29,2021-06-30,2021-07-01,2021-07-02,2021-07-03,2021-07-04,2021-07-05,2021-07-06,2021-07-07,2021-07-08,2021-07-09,2021-07-10,2021-07-11,2021-07-12,2021-07-13,2021-07-14,2021-07-15,2021-07-16,2021-07-17,2021-07-18,2021-07-19,2021-07-20,2021-07-21,2021-07-22,2021-07-23,2021-07-24,2021-07-25,2021-07-26,2021-07-27,2021-07-28,2021-07-29,2021-07-30,2021-07-31,2021-08-01,2021-08-02,2021-08-03,2021-08-04,2021-08-05,2021-08-06,2021-08-07,2021-08-08,2021-08-09,2021-08-10,2021-08-11,2021-08-12,2021-08-13,2021-08-14,2021-08-15,2021-08-16,2021-08-17,2021-08-18,2021-08-19,2021-08-20,2021-08-21,2021-08-22,2021-08-23,2021-08-24,2021-08-25,2021-08-26,2021-08-27,2021-08-28,2021-08-29,2021-08-30,2021-08-31,2021-09-01,2021-09-02,2021-09-03,2021-09-04,2021-09-05,2021-09-06,2021-09-07,2021-09-08,2021-09-09,2021-09-10,2021-09-11,2021-09-12,2021-09-13,2021-09-14,2021-09-15,2021-09-16,2021-09-17,2021-09-18,2021-09-19,2021-09-20,2021-09-21,2021-09-22,2021-09-23,2021-09-24,2021-09-25,2021-09-26,2021-09-27,2021-09-28,2021-09-29,2021-09-30,2021-10-01,2021-10-02,2021-10-03,2021-10-04,2021-10-05,2021-10-06,2021-10-07,2021-10-08,2021-10-09,2021-10-10,2021-10-11,2021-10-12,2021-10-13,2021-10-14,2021-10-15,2021-10-16,2021-10-17,2021-10-18,2021-10-19,2021-10-20,2021-10-21,2021-10-22,2021-10-23,2021-10-24,2021-10-25,2021-10-26,2021-10-27,2021-10-28,2021-10-29,2021-10-30,2021-10-31,2021-11-01,2021-11-02,2021-11-03,2021-11-04,2021-11-05,2021-11-06,2021-11-07,2021-11-08,2021-11-09,2021-11-10,2021-11-11,2021-11-12,2021-11-13,2021-11-14,2021-11-15,2021-11-16,2021-11-17,2021-11-18,2021-11-19,2021-11-20,2021-11-21,2021-11-22,2021-11-23,2021-11-24,2021-11-25,2021-11-26,2021-11-27,2021-11-28,2021-11-29,2021-11-30,2021-12-01,2021-12-02,2021-12-03,2021-12-04,2021-12-05,2021-12-06,2021-12-07,2021-12-08,2021-12-09,2021-12-10,2021-12-11,2021-12-12,2021-12-13,2021-12-14,2021-12-15,2021-12-16,2021-12-17,2021-12-18,2021-12-19,2021-12-20,2021-12-21,2021-12-22,2021-12-23,2021-12-24,2021-12-25,2021-12-26,2021-12-27,2021-12-28,2021-12-29,2021-12-30,2021-12-31,2022-01-01,2022-01-02,2022-01-03,2022-01-04,2022-01-05,2022-01-06,2022-01-07,2022-01-08,2022-01-09,2022-01-10,2022-01-11,2022-01-12,2022-01-13,2022-01-14,2022-01-15,2022-01-16,2022-01-17,2022-01-18,2022-01-19,2022-01-20,2022-01-21,2022-01-22,2022-01-23,2022-01-24,2022-01-25,2022-01-26,2022-01-27,2022-01-28,2022-01-29,2022-01-30,2022-01-31,2022-02-01,2022-02-02,2022-02-03,2022-02-04,2022-02-05,2022-02-06,2022-02-07,2022-02-08,2022-02-09,2022-02-10,2022-02-11,2022-02-12,2022-02-13,2022-02-14,2022-02-15,2022-02-16,2022-02-17,2022-02-18,2022-02-19,2022-02-20,2022-02-21,2022-02-22,2022-02-23,2022-02-24,2022-02-25,2022-02-26,2022-02-27,2022-02-28,2022-03-01,2022-03-02,2022-03-03,2022-03-04,2022-03-05,2022-03-06,2022-03-07,2022-03-08,2022-03-09,2022-03-10,2022-03-11,2022-03-12,2022-03-13,2022-03-14,2022-03-15,2022-03-16,2022-03-17,2022-03-18,2022-03-19,2022-03-20,2022-03-21,2022-03-22,2022-03-23,2022-03-24,2022-03-25,2022-03-26,2022-03-27,2022-03-28,2022-03-29,2022-03-30,2022-03-31,2022-04-01,2022-04-02,2022-04-03,2022-04-04,2022-04-05,2022-04-06,2022-04-07,2022-04-08,2022-04-09,2022-04-10,2022-04-11,2022-04-12,2022-04-13,2022-04-14,2022-04-15,2022-04-16,2022-04-17,2022-04-18,2022-04-19
AC,Acre,https://upload.wikimedia.org/wikipedia/commons/thumb/4/4c/Bandeira_do_Acre.svg/180px-Bandeira_do_Acre.svg.png,0.00,0.00,0.00,0.00,0.00,0.00,1.35,1.38,1.38,1.41,1.43,1.45,1.59,1.67,1.77,1.83,1.86,1.88,1.96,2.01,2.06,2.13,2.13,2.20,2.26,2.26,2.37,2.56,2.71,2.78,2.84,2.85,2.91,3.13,3.13,3.13,3.13,3.13,3.81,4.07,4.19,4.30,4.41,4.44,4.45,4.49,4.53,4.58,4.75,4.90,5.01,5.05,5.17,5.21,5.27,5.72,5.81,6.20,6.20,5.57,6.82,6.82,6.82,7.85,8.18,8.27,8.51,8.75,8.84,8.99,9.08,9.28,9.28,9.38,9.62,9.62,9.64,9.64,9.95,9.95,9.95,9.95,10.30,10.41,10.49,10.54,10.59,10.59,10.63,10.83,10.83,10.83,11.01,11.06,11.07,11.08,11.50,11.74,11.93,11.93,11.93,12.22,12.22,12.22,13.24,13.24,13.82,14.03,14.11,14.36,14.58,14.74,14.93,15.15,15.25,15.29,15.29,15.56,15.67,15.67,15.88,15.92,15.92,16.31,16.55,16.55,17.10,17.57,17.57,17.57,17.78,18.37,19.31,20.17,21.07,21.83,21.83,23.27,24.53,25.68,26.31,27.30,27.46,27.55,28.14,29.10,29.50,30.20,30.79,30.96,31.36,32.46,33.09,33.09,34.50,34.50,34.50,35.22,35.22,36.30,36.60,36.88,37.03,37.06,37.37,38.09,38.51,38.90,39.42,39.81,40.07,40.56,41.05,42.07,42.07,42.91,43.44,43.52,43.70,43.70,45.08,45.46,45.83,45.83,45.83,46.18,46.50,46.91,47.44,47.97,48.30,48.30,48.30,49.00,49.00,49.92,50.39,50.39,50.89,51.10,51.56,52.02,52.41,52.76,53.03,53.07,53.16,53.52,53.96,54.26,54.68,54.94,54.98,55.07,55.24,55.29,55.52,55.90,56.36,56.59,56.72,57.14,57.55,57.59,58.27,58.47,58.51,58.57,58.78,59.02,59.23,59.49,59.64,59.66,59.66,59.80,60.01,60.28,60.55,60.86,61.00,61.04,61.21,61.34,61.44,61.60,61.70,61.73,61.75,61.77,61.77,61.79,61.85,61.93,61.95,61.95,62.02,62.06,62.06,62.07,62.10,62.32,62.48,62.56,62.72,62.84,62.94,62.94,62.95,62.95,63.01,63.02,63.02,63.16,63.24,63.25,63.27,63.46,63.51,63.61,63.61,63.75,63.76,63.83,63.83,63.83,63.96,64.01,64.01,64.01,64.05,64.05,64.17,64.17,64.17,64.17,64.28,64.28,64.34,64.40,64.48,64.48,64.53,64.53,64.57,64.57,64.67,64.80,64.80,64.80,64.80,64.80,64.80,64.80,64.80,64.80,64.80,64.80,64.80,64.80,64.80,64.80,64.80,64.80,64.80,64.80,64.80,64.80,64.80,64.80,64.80,64.80,64.80,64.80,64.80,64.80,64.80,64.80,64.80,64.80,64.80,64.80,64.80,64.80,64.80,66.34,66.34,66.34,66.34,66.34,66.34,66.34,66.34,66.34,66.57,66.57,66.72,66.94,67.01,67.01,67.01,67.06,67.11,67.20,67.72,67.80,67.86,68.21,68.30,68.30,68.47,68.71,68.89,68.94,68.96,68.96,69.01,69.13,69.35,69.47,69.58,69.61,69.61,69.61,70.21,70.59,70.74,70.75,70.77,70.83,70.83,70.83,70.83,70.98,71.00,71.14,71.29,71.44,71.49,71.50,71.74,71.75,71.76,71.76,71.82,71.91,72.10,72.18,72.20,72.21,72.22,72.22,72.22,72.36,72.40,72.58,72.58,72.69,72.81,72.91,72.99,73.05,73.08,73.08,73.12,73.18,73.28,73.35,73.40,73.42,73.42,73.46,73.46,73.59,73.64,73.64,73.66,73.66,73.72
AL,Alagoas,https://upload.wikimedia.org/wikipedia/commons/thumb/8/88/Bandeira_de_Alagoas.svg/180px-Bandeira_de_Alagoas.svg.png,0.00,0.00,0.00,0.00,0.00,2.16,2.24,2.29,2.29,2.29,2.29,2.29,2.29,2.59,2.59,2.66,2.66,2.69,2.69,2.70,2.71,2.77,2.82,2.84,2.93,2.97,3.24,3.44,3.58,3.63,3.64,3.72,2.68,2.72,2.91,3.11,3.26,3.29,3.37,3.56,3.74,3.97,4.24,4.40,4.50,4.77,4.95,5.23,5.84,6.11,6.37,6.64,6.78,6.84,6.95,7.52,7.60,7.91,8.16,8.38,8.89,9.59,10.30,10.53,10.89,11.10,11.28,11.45,11.83,11.93,12.04,12.24,12.32,12.42,12.43,12.43,12.43,12.92,12.99,13.03,13.11,13.20,13.28,13.31,13.39,13.47,13.52,13.58,13.69,13.83,14.01,14.20,14.26,14.41,14.46,14.75,15.04,15.35,15.61,15.94,16.16,16.45,16.74,17.15,17.69,17.92,18.11,18.38,18.54,18.94,19.32,19.74,19.99,20.28,20.44,20.67,21.03,21.26,21.67,21.95,22.26,22.61,22.77,23.04,23.32,23.58,24.02,24.41,24.62,24.73,24.97,25.28,25.62,25.90,26.08,26.32,26.51,26.78,27.50,27.60,28.53,28.66,29.07,29.40,29.40,30.09,30.72,30.98,31.54,31.96,32.21,32.77,33.36,33.84,34.26,34.26,34.85,35.18,35.34,35.73,35.95,36.13,36.36,36.57,36.57,36.99,36.99,37.38,37.89,38.25,38.44,38.66,38.79,39.08,39.45,40.11,40.58,40.98,41.06,41.24,42.13,42.62,43.11,43.63,43.76,43.85,44.35,44.73,45.42,46.15,46.36,46.86,46.91,48.27,48.27,49.06,49.62,50.21,50.22,50.93,51.52,52.16,52.75,53.46,54.03,54.42,54.65,55.15,55.64,55.93,56.23,56.56,56.79,56.90,57.19,57.40,57.71,58.14,58.59,58.88,58.98,59.32,59.73,59.77,60.30,60.53,60.69,60.81,61.03,61.25,61.50,61.72,62.01,62.22,62.29,62.63,62.94,63.25,63.51,63.77,63.91,63.97,64.17,64.40,64.61,64.79,64.98,65.07,65.11,65.11,65.11,65.32,65.56,67.74,67.88,67.92,68.06,68.08,68.09,68.13,68.23,68.57,69.01,69.14,69.27,69.44,69.57,69.57,69.66,69.71,69.75,69.77,69.77,70.02,70.18,72.48,72.49,72.49,72.49,72.49,72.49,70.66,70.71,70.73,70.75,70.84,70.84,71.00,71.00,71.12,71.13,71.20,71.34,71.35,71.42,71.42,71.42,71.42,71.44,71.44,71.44,71.44,71.44,71.44,71.70,71.77,71.81,71.86,71.86,71.86,71.86,71.86,71.86,71.86,71.86,71.86,71.86,71.86,71.86,71.86,71.88,71.88,71.88,71.88,71.88,71.88,71.88,71.88,71.88,71.88,71.88,71.88,71.88,71.88,71.88,71.88,71.88,71.88,71.88,71.88,71.88,71.88,71.88,71.88,71.88,71.88,72.61,72.61,72.61,72.75,72.75,73.00,73.00,73.00,73.00,73.11,73.17,73.23,73.23,73.23,73.60,73.64,73.64,73.64,73.64,73.64,73.64,73.64,73.64,73.64,73.23,73.46,73.64,73.69,73.76,73.81,73.90,74.06,74.36,74.48,74.59,74.60,74.60,77.02,77.02,77.02,77.02,77.02,77.02,77.02,77.02,77.02,77.02,77.02,77.02,77.02,77.02,77.02,77.02,77.02,77.02,77.02,77.02,77.02,77.02,77.02,77.02,77.02,77.02,77.02,77.02,77.02,77.02,77.02,77.02,77.02,77.02,77.02,77.02,77.02,77.02,77.02,77.02,77.02,77.02,77.02,77.03,77.05,77.11,77.13,77.15,77.16,77.20,77.22,77.22,77.86,77.86,77.86,77.87
AM,Amazonas,https://upload.wikimedia.org/wikipedia/commons/thumb/6/6b/Bandeira_do_Amazonas.svg/180px-Bandeira_do_Amazonas.svg.png,0.00,0.00,0.00,0.00,0.00,0.00,4.17,4.49,4.63,4.68,4.71,4.83,4.89,5.00,5.10,5.13,5.17,5.21,5.29,5.38,5.58,5.64,5.69,5.74,5.83,6.06,6.06,6.62,6.64,6.95,7.08,7.33,7.43,7.59,7.79,8.01,8.07,8.09,8.15,8.60,8.91,8.99,9.14,9.19,9.19,9.58,9.62,9.67,9.67,9.84,9.90,9.90,9.92,10.11,10.25,10.34,10.35,10.46,10.48,10.64,10.72,10.72,11.05,11.35,11.57,11.60,11.76,11.97,12.20,12.42,12.49,12.72,12.72,12.77,12.97,13.04,13.35,13.62,13.78,13.79,13.85,14.01,14.16,14.22,14.41,14.45,14.51,14.55,14.62,14.65,14.72,14.79,14.82,14.82,14.88,15.07,15.22,15.32,15.44,15.63,15.64,15.90,16.09,16.24,16.46,16.72,17.05,17.10,17.38,17.71,17.83,18.03,18.27,18.56,18.58,18.64,18.76,18.94,19.01,19.06,19.06,18.95,19.00,19.06,20.53,20.95,21.40,21.42,24.85,26.26,26.33,26.12,26.61,26.89,28.18,28.32,28.79,29.37,29.99,30.45,30.82,31.43,31.82,32.20,33.17,34.73,35.12,35.29,36.03,36.23,36.65,37.79,38.42,38.85,39.47,39.94,40.25,40.36,40.36,40.36,40.38,41.20,41.29,41.32,42.67,44.49,44.50,44.44,45.36,45.38,45.38,45.39,45.80,46.27,46.51,46.76,46.97,47.01,47.42,47.42,47.54,47.59,47.91,48.05,48.05,48.09,48.18,48.47,48.65,48.71,49.95,50.65,50.87,51.02,51.70,51.86,52.27,53.38,53.43,53.67,54.07,54.16,54.41,54.83,55.11,55.45,56.12,56.29,56.47,56.78,57.02,57.09,57.12,57.17,57.20,57.52,58.00,58.20,58.23,58.24,58.59,58.96,59.17,59.24,59.51,59.73,59.75,59.76,60.02,60.13,60.32,60.40,60.62,60.66,60.84,60.98,60.99,61.39,61.56,61.63,61.64,61.66,61.72,61.87,62.03,62.07,62.19,62.20,62.23,62.28,62.37,62.42,62.61,62.65,62.68,62.78,62.86,62.97,63.11,63.38,63.42,63.42,62.96,63.12,63.31,63.41,63.47,63.51,63.51,63.53,63.53,63.59,63.65,63.81,63.85,63.85,64.03,64.05,64.15,64.22,64.32,64.34,64.36,64.37,64.42,64.52,64.66,64.74,64.81,64.84,64.94,64.99,65.09,64.90,65.20,65.25,65.26,65.33,65.42,65.53,65.64,65.75,65.79,65.81,65.89,65.94,65.97,66.09,66.23,66.23,66.26,66.28,66.31,66.33,66.36,66.39,66.40,66.41,66.75,66.76,66.78,66.80,66.80,66.80,66.80,66.81,66.82,67.11,67.24,67.27,67.27,67.27,67.29,67.34,67.37,67.40,67.48,67.53,67.53,67.65,67.69,67.71,67.75,67.77,67.79,67.80,67.84,67.96,68.00,68.05,68.19,68.23,68.24,68.29,68.35,68.44,68.70,68.75,68.87,68.89,69.03,69.15,69.27,69.40,69.55,69.96,70.02,70.23,70.43,70.95,71.10,71.28,71.65,71.80,72.01,72.15,72.31,72.44,72.62,72.82,72.86,72.92,72.96,73.08,73.18,73.24,73.28,73.29,73.29,73.29,73.29,73.40,73.82,73.91,73.92,73.95,73.98,74.02,74.10,74.13,74.23,74.28,74.33,74.37,74.49,74.52,74.58,74.62,74.63,74.67,74.67,74.72,74.77,74.80,74.85,74.86,74.89,75.07,75.08,75.13,75.24,75.30,75.31,75.32,75.33,75.92,75.94,75.98,76.00,76.03,76.27,76.30,76.34,76.39,76.43,76.44,76.44,76.47,76.49
AP,Amapá,https://upload.wikimedia.org/wikipedia/commons/thumb/0/0c/Bandeira_do_Amap%C3%A1.svg/180px-Bandeira_do_Amap%C3%A1.svg.png,0.00,0.00,0.00,0.00,0.00,0.00,0.00,0.00,1.96,1.96,1.96,1.97,2.24,2.24,2.60,2.72,2.72,2.72,2.81,2.82,2.90,2.90,2.90,2.90,2.91,2.91,2.91,2.98,2.98,2.98,2.98,2.98,3.05,3.00,3.13,3.13,3.26,3.26,3.27,3.28,3.73,3.86,3.87,4.02,4.33,4.33,4.42,4.70,4.76,5.36,5.64,5.64,5.74,5.74,5.87,5.90,5.90,5.90,5.90,6.40,6.57,6.58,6.66,6.66,6.66,6.78,6.83,8.01,8.40,8.40,8.84,8.84,9.12,9.13,9.21,9.21,9.21,9.48,9.62,9.63,9.67,9.67,9.91,10.02,10.11,10.22,10.27,10.35,10.46,10.61,10.85,10.99,11.07,11.14,11.15,11.35,11.59,11.84,12.04,12.33,12.51,12.56,12.83,13.00,13.36,13.60,13.75,13.77,13.78,13.92,14.04,14.26,14.29,14.39,14.39,14.43,14.55,14.65,14.95,15.03,15.31,15.42,15.49,15.79,16.07,16.38,16.68,16.94,17.07,17.15,17.53,17.53,18.46,18.91,19.43,19.58,19.67,20.12,20.47,20.89,21.46,21.86,21.86,21.86,22.08,22.46,22.46,23.26,23.59,23.63,23.93,24.32,24.80,25.24,25.44,25.48,26.11,26.38,26.56,27.35,27.84,28.54,29.12,29.12,29.30,29.86,30.38,30.58,31.32,31.91,31.96,32.28,32.41,33.18,33.82,34.56,35.36,35.36,35.40,36.14,36.90,37.43,38.00,38.16,38.20,38.32,38.49,38.95,39.60,40.85,40.94,41.71,41.71,42.55,42.84,43.39,44.17,44.73,44.73,45.28,45.63,46.17,46.91,47.21,47.59,47.65,47.69,48.29,48.68,49.16,49.36,50.04,50.07,50.08,50.24,50.25,50.61,50.89,51.08,51.09,51.11,51.12,51.45,51.58,52.01,52.17,52.22,52.26,52.53,52.83,53.13,53.45,53.76,53.94,53.98,54.25,54.50,54.70,55.02,55.18,55.23,55.23,55.41,55.41,55.56,55.76,55.88,55.91,55.92,55.92,56.02,56.08,56.13,56.39,56.41,56.45,56.53,56.54,56.54,56.54,56.63,56.92,57.15,57.21,57.47,57.51,57.57,57.61,57.62,57.62,57.62,57.62,57.62,57.74,57.74,58.41,59.50,59.70,59.75,59.80,59.86,59.92,59.93,59.93,59.93,59.99,59.99,60.00,60.19,60.20,60.20,60.31,60.38,60.45,60.50,60.54,60.62,60.62,60.62,60.67,60.72,60.72,60.72,60.79,60.84,60.95,60.99,61.06,61.06,61.06,61.06,61.06,61.06,61.06,61.06,61.06,61.06,61.06,61.06,61.06,61.06,61.07,61.07,61.07,61.07,61.07,61.07,61.07,61.07,61.07,61.07,61.07,61.07,61.07,61.07,61.07,61.07,61.07,61.07,61.07,61.14,61.14,61.14,61.14,61.14,61.14,61.14,61.15,61.20,61.20,62.02,62.02,62.02,62.02,62.17,62.72,63.09,63.09,63.09,63.09,63.09,63.09,63.09,63.09,63.09,63.09,63.09,63.09,63.09,63.09,63.11,63.24,63.36,63.41,63.43,63.56,63.56,63.56,63.65,63.72,63.80,63.81,63.81,63.81,62.46,62.83,62.99,63.01,63.01,63.04,63.04,63.04,63.04,63.12,63.12,63.33,63.37,63.46,63.48,63.48,63.74,63.81,63.83,63.83,63.83,63.83,63.85,63.92,63.93,63.93,63.93,63.93,63.94,64.02,64.06,64.15,64.23,64.35,64.51,64.60,64.68,64.75,64.75,64.79,64.85,64.91,64.99,65.05,65.10,65.11,65.11,65.18,65.55,65.68,65.72,65.72,65.86,65.86,65.95
BA,Bahia,https://upload.wikimedia.org/wikipedia/commons/thumb/2/28/Bandeira_da_Bahia.svg/180px-Bandeira_da_Bahia.svg.png,0.00,0.00,0.00,0.00,0.00,0.00,0.00,0.00,0.00,0.00,0.00,2.54,2.57,2.67,2.72,2.78,2.78,2.79,2.80,2.82,2.84,2.89,2.91,2.91,3.09,3.16,3.22,3.35,3.49,3.62,3.64,3.75,3.85,3.98,4.19,4.35,4.47,4.60,4.81,4.96,5.28,5.46,5.76,6.18,6.37,6.50,6.92,7.64,8.13,8.57,8.91,9.20,9.47,10.16,10.76,11.16,11.28,11.37,11.50,11.64,11.84,12.42,12.56,12.72,12.84,12.98,13.04,13.23,13.34,13.45,13.48,13.52,13.67,13.85,14.16,14.37,14.58,14.79,14.93,14.98,15.06,15.53,15.56,15.78,15.89,16.03,16.12,16.34,16.55,16.84,17.19,17.64,17.98,18.15,18.30,18.65,18.93,19.28,19.63,19.79,19.98,20.01,20.28,20.47,20.67,20.93,21.02,21.06,21.35,21.57,21.69,21.82,22.21,22.46,22.56,22.72,23.07,23.44,23.67,24.00,24.26,24.40,24.61,25.09,25.58,26.22,26.70,27.07,27.19,27.57,28.01,28.46,28.79,29.10,29.33,29.54,29.75,30.29,30.99,31.23,31.37,31.72,31.89,32.14,32.78,33.14,33.46,33.96,34.27,34.41,34.90,35.55,36.15,36.68,37.15,37.40,37.61,37.74,38.14,38.40,38.61,38.75,38.93,39.18,39.36,39.79,40.36,40.84,41.34,41.94,41.99,42.21,42.58,43.00,43.40,44.02,44.14,44.20,44.22,44.72,45.26,45.74,46.29,46.59,46.85,47.19,47.86,48.63,49.31,49.89,50.33,50.45,51.04,51.66,52.30,53.19,54.01,54.33,54.53,55.17,55.79,56.70,57.30,57.87,58.40,58.64,58.79,59.40,59.89,60.24,60.54,60.69,60.78,61.16,61.31,61.44,61.84,62.13,62.45,62.66,62.81,62.90,63.29,63.56,63.74,64.04,64.14,64.32,64.76,65.07,65.50,65.77,65.92,66.04,66.23,66.52,67.08,67.32,67.63,67.76,67.88,68.13,68.38,68.52,68.88,69.04,69.15,69.25,69.31,69.35,69.45,69.63,69.69,69.86,69.90,69.91,70.05,70.12,70.27,70.37,70.48,70.52,70.57,70.71,70.86,71.03,71.32,71.52,71.53,71.53,71.54,71.54,71.82,71.96,72.04,72.06,72.12,72.24,72.35,72.75,73.00,73.03,73.07,73.09,73.11,73.23,73.35,73.38,73.46,73.50,73.50,73.50,73.50,73.50,73.50,73.50,73.50,73.50,73.50,73.50,73.50,73.50,73.50,73.50,73.50,73.50,73.50,73.50,73.50,73.50,73.50,71.95,72.03,72.21,72.21,72.61,72.63,72.63,72.66,72.82,73.23,73.38,73.41,73.41,73.41,73.42,73.59,73.63,73.70,73.70,73.71,73.71,73.73,74.22,74.25,74.41,74.40,74.44,74.45,74.47,74.53,74.58,74.66,74.71,74.79,74.79,74.84,74.92,75.25,75.65,75.82,75.86,75.92,75.94,75.96,76.01,76.13,76.17,76.25,76.27,76.36,76.51,76.70,76.90,77.20,77.23,77.23,77.29,77.37,77.37,78.02,78.04,78.04,78.04,78.05,78.19,78.22,78.16,78.15,78.28,78.29,78.18,78.28,78.34,78.17,78.21,78.22,78.22,78.22,78.22,78.37,78.37,78.39,78.40,78.45,78.48,78.48,78.48,78.48,78.48,79.60,79.64,79.68,79.68,79.68,79.74,79.74,79.74,79.74,79.74,79.74,79.74,79.74,79.75,79.75,79.75,79.75,79.75,79.75,79.75,79.75,79.75,79.75,79.75,79.76,79.76,79.76,79.76,79.77,79.77,79.77,79.77,79.77,79.77,79.77,79.77,79.77,79.77,79.77
CE,Ceará,https://upload.wikimedia.org/wikipedia/commons/thumb/2/2e/Bandeira_do_Cear%C3%A1.svg/180px-Bandeira_do_Cear%C3%A1.svg.png,0.00,0.00,0.00,0.00,0.00,0.00,0.00,2.34,2.34,2.34,2.49,2.56,2.67,2.70,2.83,2.83,2.83,2.86,2.88,2.89,3.47,3.06,3.06,3.06,3.13,3.31,3.42,3.57,3.70,3.70,3.70,3.90,4.02,4.17,4.24,4.34,4.34,4.34,4.54,4.64,4.79,4.92,5.13,5.13,5.13,5.33,5.69,6.19,6.57,7.13,7.13,7.13,7.96,8.51,8.91,9.29,9.53,9.53,9.53,10.42,10.64,11.03,11.13,11.28,11.28,11.28,11.62,11.73,11.88,11.93,12.42,12.42,12.42,12.66,12.95,13.12,13.17,13.32,13.32,13.32,13.82,13.98,14.19,14.38,14.51,14.51,14.51,14.70,14.87,15.02,15.18,15.27,15.27,15.28,15.48,15.65,15.94,16.00,16.06,16.06,16.06,16.14,16.55,16.67,16.81,16.90,16.90,16.90,17.40,17.49,17.58,17.92,18.05,18.05,18.05,18.26,18.93,19.22,19.64,19.87,19.87,19.87,20.29,21.59,21.85,22.22,22.59,22.59,22.59,23.28,24.87,25.29,26.45,27.22,27.22,27.22,28.18,29.12,29.29,30.36,31.64,31.64,31.64,32.90,34.32,35.12,35.82,36.40,36.40,36.40,37.35,37.48,38.18,38.72,39.22,39.22,39.22,39.96,40.28,40.72,40.81,40.94,40.94,40.94,41.22,41.25,41.53,41.54,42.48,42.48,42.48,42.69,43.08,43.21,43.33,43.40,43.40,43.40,43.69,43.95,44.61,44.83,45.23,45.23,45.23,45.89,46.46,46.93,47.57,48.13,48.13,48.13,50.54,51.30,52.01,52.59,53.05,53.05,53.05,55.00,55.72,56.20,56.66,57.58,57.58,57.58,58.77,59.30,59.69,60.03,60.50,60.50,60.50,61.04,61.04,62.72,63.04,63.57,63.57,63.57,64.13,64.58,64.89,65.15,65.65,65.65,65.65,65.94,66.46,66.81,67.27,67.74,67.74,67.74,68.17,68.55,68.72,68.72,69.49,69.49,69.49,69.80,69.88,70.21,70.32,70.51,70.51,70.51,70.69,70.69,70.90,71.08,71.16,71.16,71.16,71.31,71.71,71.84,71.94,71.97,71.97,71.97,72.04,72.15,72.28,72.46,72.55,72.55,72.55,72.55,72.55,72.78,73.00,72.98,72.98,72.98,73.11,73.34,73.46,73.82,74.08,74.08,74.08,74.08,74.26,74.44,74.46,74.91,74.91,74.91,75.04,75.15,75.15,75.13,75.85,75.85,75.85,76.13,76.34,76.37,76.60,76.67,76.67,76.67,76.66,76.78,76.87,76.95,77.74,77.74,77.74,77.83,76.93,77.00,77.13,77.19,77.19,77.19,77.20,77.33,77.46,77.50,77.50,77.50,77.50,77.56,78.17,78.24,78.26,78.26,78.26,78.26,78.30,79.01,79.03,79.12,79.21,79.21,79.21,79.26,79.30,78.87,78.90,78.90,78.90,78.90,78.96,79.00,79.16,79.22,79.35,79.35,79.35,79.49,79.69,79.89,80.32,80.64,80.64,80.64,81.49,81.88,82.05,81.66,81.91,81.91,81.91,82.28,82.55,83.00,83.28,83.67,83.67,83.67,83.95,84.05,84.50,84.81,85.05,85.05,85.05,85.18,85.51,85.72,86.03,86.39,86.40,86.40,86.59,86.60,86.68,86.82,86.90,86.90,86.90,86.95,87.01,87.22,87.22,87.26,87.26,87.26,87.36,87.44,87.44,87.49,87.52,87.52,87.52,87.74,87.80,87.98,88.06,88.06,88.06,88.06,88.11,88.16,88.47,88.50,88.50,88.50,88.50,88.50,88.56,88.65,88.73,88.80,88.80,88.80,88.87,88.92,88.96,88.96,88.96,88.96,88.96,89.02,89.06
DF,Federal District,https://upload.wikimedia.org/wikipedia/commons/thumb/3/3c/Bandeira_do_Distrito_Federal_%28Brasil%29.svg/180px-Bandeira_do_Distrito_Federal_%28Brasil%29.svg.png,0.00,0.00,0.00,3.32,3.46,3.51,3.60,3.64,3.64,3.64,3.64,3.64,3.66,3.75,3.75,3.78,3.78,3.82,3.84,3.89,3.93,4.28,4.28,4.28,4.53,4.69,4.73,4.91,5.08,5.10,5.10,5.16,5.19,5.23,5.45,5.56,5.56,5.56,5.57,5.63,5.65,6.17,6.34,6.37,6.38,6.99,7.49,7.69,7.79,8.52,8.88,9.15,9.51,9.77,9.92,9.96,9.96,10.02,10.02,10.24,10.29,10.42,10.43,10.61,10.70,10.71,10.81,10.92,11.01,11.07,11.38,11.72,11.82,12.05,12.17,12.19,12.33,12.66,13.06,13.15,13.51,13.82,13.90,13.94,14.72,14.93,14.98,15.21,15.25,15.25,16.11,16.47,16.75,16.84,17.15,17.47,17.54,17.77,18.09,18.18,18.22,18.37,18.56,18.79,19.06,19.25,19.35,19.39,19.54,19.82,20.00,20.19,20.46,20.56,20.64,21.05,21.45,21.85,21.86,22.31,22.43,22.52,22.66,23.21,23.69,24.16,24.50,24.70,24.86,25.70,26.47,27.15,27.89,28.92,29.13,29.27,29.62,29.97,30.21,30.52,30.72,30.93,31.11,31.76,32.33,32.79,33.08,33.54,33.68,33.82,34.28,34.91,35.53,36.17,36.47,36.32,36.39,36.62,36.98,37.36,37.55,37.60,37.71,37.78,37.99,38.40,38.79,39.26,41.25,42.54,43.04,43.19,43.25,43.27,44.43,44.75,44.77,44.78,44.83,47.30,48.77,49.60,49.93,50.36,50.41,50.79,53.00,54.85,57.91,59.81,60.42,60.56,61.51,63.22,64.37,65.01,65.41,65.46,65.46,65.63,66.47,67.02,67.28,67.53,67.57,67.60,67.84,68.05,68.18,68.33,68.44,68.47,68.47,68.58,68.58,68.64,68.68,69.11,69.18,69.22,69.53,69.75,70.57,71.23,71.63,71.70,71.72,71.96,72.34,72.77,73.00,73.19,73.21,73.22,73.35,73.76,74.10,74.32,74.48,74.49,74.50,74.61,74.70,74.78,74.83,74.88,74.88,74.88,74.95,74.95,74.99,75.03,75.07,75.07,75.07,75.07,75.16,75.25,75.36,75.44,75.46,75.47,75.55,75.64,75.73,75.81,75.88,75.88,75.89,75.90,75.91,75.98,76.04,76.11,76.12,76.12,76.17,76.23,76.29,76.33,76.38,76.38,76.39,76.39,76.45,76.50,76.54,76.59,76.65,76.66,76.71,76.75,76.80,76.83,76.87,76.90,76.90,76.94,76.94,77.66,77.04,77.07,77.08,77.08,77.12,77.20,77.23,77.26,77.30,77.31,77.32,77.35,77.40,77.43,77.46,77.49,77.50,77.50,77.52,77.55,77.58,77.60,77.61,77.61,77.61,77.63,77.65,77.67,77.69,77.70,77.70,77.70,77.70,77.81,77.83,77.86,77.88,77.88,77.88,77.91,77.93,77.95,77.97,78.00,78.00,78.13,78.20,78.30,78.48,78.75,78.42,79.02,79.03,79.23,79.39,79.72,79.61,80.25,80.32,80.35,80.56,80.74,80.89,81.03,81.21,81.26,81.29,81.48,81.68,81.87,82.06,82.30,82.36,82.37,82.53,82.63,82.70,82.75,82.84,82.87,82.87,82.98,83.07,83.12,83.16,83.21,83.22,83.22,83.22,83.24,83.27,83.32,83.37,83.39,83.39,83.43,83.47,83.50,83.53,83.58,83.59,83.60,83.63,83.66,83.69,83.73,83.76,83.79,83.79,83.81,83.85,83.87,83.91,83.93,83.95,83.95,83.97,83.99,83.99,84.04,84.06,84.07,84.07,84.09,84.11,84.13,84.14,84.16,84.16,84.17,84.18,84.20,84.21,84.22,84.22,84.22,84.22,84.23,84.25
ES,Espirito Santo,https://upload.wikimedia.org/wikipedia/commons/thumb/4/43/Bandeira_do_Esp%C3%ADrito_Santo.svg/180px-Bandeira_do_Esp%C3%ADrito_Santo.svg.png,0.00,0.00,0.00,0.00,0.00,0.00,0.00,0.00,0.00,2.44,2.44,2.50,2.51,2.59,2.61,2.61,2.61,2.67,2.74,2.80,2.88,2.91,2.91,2.91,2.95,3.05,3.19,3.37,3.43,3.43,3.43,3.73,3.79,3.85,4.00,4.12,4.12,4.12,4.40,4.55,4.66,4.80,4.92,4.92,4.92,5.43,5.62,5.81,6.03,6.48,6.48,6.48,7.42,7.54,7.67,8.50,8.85,9.06,9.25,9.46,9.89,10.29,11.02,11.02,12.11,12.40,12.46,12.62,13.18,13.59,13.86,14.48,14.63,14.77,15.01,15.01,15.01,15.72,16.01,16.07,16.16,16.34,16.54,16.70,16.84,16.92,16.92,16.97,17.17,17.31,17.45,17.83,17.88,17.88,17.97,18.37,18.72,19.15,19.46,19.46,20.03,20.15,20.52,20.88,21.25,21.51,21.51,21.95,22.02,22.42,22.84,23.31,23.66,23.94,24.20,24.32,24.64,24.96,24.96,26.27,26.81,27.22,27.25,27.67,28.18,28.68,29.27,29.80,30.47,30.57,31.19,31.63,32.32,32.96,33.53,34.38,34.62,35.02,35.56,36.14,36.95,36.95,37.14,37.14,39.00,40.18,40.66,40.62,41.76,41.87,42.24,42.96,43.90,44.41,44.72,45.24,46.32,46.41,46.50,46.50,47.17,47.57,47.71,48.18,48.26,48.53,48.86,49.11,49.63,49.98,50.33,50.50,50.70,50.91,51.00,51.21,51.52,51.84,51.99,52.15,52.47,52.88,53.37,53.66,54.03,54.22,54.39,54.56,54.82,55.71,56.55,56.69,57.13,57.64,58.08,58.79,59.27,61.82,61.87,62.38,62.88,63.31,63.68,64.01,64.58,64.62,64.62,65.25,65.51,65.84,66.04,66.25,66.25,66.36,66.38,66.59,66.80,66.98,67.19,67.21,67.35,67.55,67.82,68.25,68.56,69.05,69.07,69.29,69.62,70.07,70.49,71.07,72.11,72.11,72.46,72.80,73.11,73.37,73.58,73.79,73.81,74.01,74.22,74.39,74.55,74.68,74.68,74.76,74.80,74.81,74.93,75.06,76.16,76.30,76.30,76.42,76.54,76.64,76.73,76.83,76.88,76.88,76.95,77.03,77.11,77.19,77.26,77.31,77.31,77.32,77.33,77.39,77.48,77.58,77.58,77.63,77.69,77.76,77.85,77.91,77.96,78.00,78.00,78.01,78.06,78.11,78.11,78.22,78.27,78.28,78.33,78.39,78.46,78.52,78.59,78.63,78.64,78.68,78.75,78.80,78.86,78.92,78.96,78.96,79.01,79.06,79.09,79.14,79.16,79.18,79.19,79.21,79.24,79.27,79.31,79.34,79.35,79.36,79.38,79.40,79.43,79.45,79.45,79.45,79.46,79.48,79.51,79.53,79.56,79.56,79.56,79.56,79.59,79.61,79.63,79.66,79.69,79.71,79.71,79.73,79.77,79.80,79.84,79.88,79.91,79.92,79.94,79.99,80.08,80.17,80.27,80.35,80.35,80.44,80.56,80.69,80.81,80.97,81.21,81.22,81.39,81.57,81.75,81.93,82.08,82.26,82.27,82.41,82.55,82.68,82.83,82.98,83.13,83.14,83.25,83.34,83.44,83.54,83.64,83.78,83.78,83.85,83.92,83.99,84.07,84.14,84.17,84.17,84.17,84.17,84.19,84.24,84.30,84.34,84.35,84.40,84.46,84.51,84.57,84.64,84.76,84.76,84.81,84.87,84.91,84.97,85.02,85.06,85.06,85.10,85.13,85.17,85.23,85.28,85.43,85.43,85.73,85.73,85.73,85.73,85.73,85.77,85.77,85.81,85.83,85.99,86.14,86.14,86.14,86.14,86.14,86.14,86.14,86.14,86.14,86.14,86.14,86.14,86.14
GO,Goiás,https://upload.wikimedia.org/wikipedia/commons/thumb/b/be/Flag_of_Goi%C3%A1s.svg/180px-Flag_of_Goi%C3%A1s.svg.png,0.00,0.00,0.00,0.00,0.00,0.00,0.00,0.00,0.00,2.31,2.49,2.50,2.61,2.62,2.64,2.64,2.64,2.64,2.64,2.64,2.65,2.65,2.65,2.65,2.85,2.89,3.09,3.26,3.41,3.41,3.41,3.53,3.70,3.80,3.87,3.93,3.93,3.93,4.05,4.25,4.37,4.46,4.57,4.57,4.57,4.72,4.97,5.27,5.68,6.05,6.05,6.05,6.39,6.71,6.86,6.86,6.86,6.86,6.86,7.55,7.76,7.97,8.35,8.61,8.61,8.66,8.92,9.12,9.55,9.83,10.00,10.22,10.29,10.57,10.58,10.58,10.67,11.23,11.23,11.23,11.24,12.10,12.32,12.59,12.87,12.96,12.96,13.24,13.42,13.86,14.22,14.47,14.47,14.49,14.51,14.84,15.41,15.71,15.95,16.18,16.20,16.47,16.86,17.26,17.44,17.74,17.95,18.30,18.53,18.57,19.05,19.38,19.70,19.86,19.89,20.16,20.48,20.81,20.90,21.12,21.24,21.27,21.76,22.39,23.03,23.68,24.31,24.55,24.62,25.20,25.68,26.44,27.12,27.59,27.84,27.91,28.47,29.05,29.63,30.07,30.47,30.69,30.73,31.05,31.92,32.36,32.75,33.12,33.25,33.28,33.80,34.09,34.93,35.17,35.17,35.88,35.94,36.38,36.87,37.29,38.87,39.28,39.57,39.68,40.18,40.26,40.96,41.49,42.00,42.20,42.33,42.78,43.31,43.82,44.24,44.54,44.92,44.96,45.41,46.03,46.70,47.24,47.67,47.92,48.06,48.41,48.63,49.77,49.82,50.60,51.31,51.31,51.33,53.25,53.30,53.94,53.95,54.69,54.69,56.04,57.32,57.35,57.94,58.57,59.26,59.72,59.77,60.35,60.93,61.47,61.97,62.37,62.49,62.52,62.61,62.63,62.98,63.43,63.85,64.02,64.07,64.45,64.78,65.10,65.59,65.93,66.12,66.16,66.51,66.96,67.35,67.63,67.95,68.12,68.15,68.50,68.86,69.11,69.42,69.68,69.74,69.76,70.06,70.32,70.60,70.83,71.00,71.07,71.08,71.14,71.14,71.28,71.51,71.76,71.90,71.92,72.04,72.05,72.05,72.17,72.17,72.17,72.76,72.96,73.12,73.25,73.39,73.39,73.52,73.53,73.55,73.56,73.68,73.78,73.78,73.78,73.86,73.86,74.07,74.07,74.31,74.46,74.46,74.47,74.48,74.60,74.61,74.71,74.71,75.05,75.05,75.05,75.26,75.26,75.27,75.36,75.48,75.48,75.57,75.74,75.84,75.84,75.84,75.85,75.79,75.88,75.97,76.05,76.05,76.05,76.05,76.05,76.05,76.05,76.05,76.05,76.05,76.05,76.05,76.05,76.05,76.05,76.06,76.06,76.06,76.06,76.06,76.06,76.06,76.06,76.06,76.06,76.06,76.06,76.06,76.06,76.06,76.06,76.06,76.65,76.65,76.65,76.86,76.86,76.86,76.87,76.87,76.87,76.87,76.87,76.87,76.87,76.87,76.91,76.95,76.95,77.16,77.33,77.41,77.41,77.60,77.62,77.62,77.63,77.63,77.63,77.87,78.51,78.61,78.61,78.79,79.07,79.42,79.94,79.98,79.98,80.03,80.20,80.35,80.42,80.49,80.50,80.50,80.53,80.84,81.08,81.17,81.19,81.20,81.22,81.22,81.22,81.22,81.32,81.34,81.42,81.45,81.55,81.55,81.57,81.70,81.74,81.78,81.78,81.78,81.81,81.92,82.01,82.03,82.05,82.06,82.06,82.06,82.13,82.14,82.24,82.25,82.36,82.42,82.46,82.49,82.53,82.54,82.55,82.57,82.61,82.63,82.66,82.69,82.71,82.71,82.73,82.73,82.78,82.79,82.91,82.91,82.91,82.92
MA,Maranhão,https://upload.wikimedia.org/wikipedia/commons/thumb/4/45/Bandeira_do_Maranh%C3%A3o.svg/180px-Bandeira_do_Maranh%C3%A3o.svg.png,0.00,0.00,0.00,0.00,1.29,1.34,1.38,1.42,1.42,1.42,1.44,1.75,1.80,1.84,1.84,1.89,1.89,1.90,1.90,1.93,1.97,2.02,2.02,2.02,2.06,2.11,2.25,2.25,2.59,2.59,2.70,2.76,2.82,2.89,3.00,3.22,3.37,3.37,3.40,3.45,3.51,3.60,3.71,3.71,3.71,3.86,3.97,4.21,4.50,4.72,4.72,4.72,4.96,5.14,5.37,5.74,5.74,6.04,6.04,6.20,6.53,6.53,7.30,7.57,7.88,8.05,8.18,8.43,8.85,9.06,9.31,9.36,9.58,9.76,9.99,10.18,10.34,10.86,11.09,11.16,11.29,11.48,11.72,11.92,12.15,12.25,12.33,12.38,12.65,12.85,13.09,13.36,13.49,13.49,13.63,13.81,14.01,14.43,14.74,14.95,15.01,15.06,15.28,15.49,15.71,15.88,16.05,16.10,16.16,16.32,16.44,16.57,16.69,16.86,16.89,16.99,17.17,17.89,18.31,19.01,19.41,19.60,19.97,20.55,21.23,22.09,22.94,23.42,23.67,23.97,24.72,25.42,26.42,27.37,27.99,28.11,28.81,29.25,29.84,30.35,31.09,31.62,31.84,32.04,32.38,33.06,33.38,34.27,34.76,34.77,34.97,35.23,35.62,36.00,36.36,36.51,36.63,36.74,37.05,37.49,38.00,38.47,38.70,38.75,38.86,39.07,39.15,39.34,39.65,39.92,40.01,40.10,40.64,41.23,41.58,41.78,42.35,42.35,42.68,42.96,43.47,43.67,43.85,44.01,44.02,44.16,44.54,44.55,45.27,45.68,45.91,45.99,46.07,46.72,47.02,47.58,48.54,48.83,48.87,49.30,49.94,50.32,50.95,51.44,51.76,51.82,51.97,52.32,52.69,53.07,53.34,53.62,53.77,53.87,53.93,54.20,54.64,54.87,54.93,55.01,55.18,55.46,55.61,55.77,56.09,56.16,56.22,56.38,56.61,56.80,56.99,57.35,57.65,57.69,57.72,57.91,58.23,58.37,58.65,58.77,58.80,58.86,59.26,59.37,59.48,59.41,59.46,59.49,59.54,59.55,59.62,59.69,59.84,59.86,59.88,59.99,60.18,60.31,60.49,60.55,60.57,60.57,60.69,60.69,60.97,61.27,61.27,61.30,61.30,61.30,61.40,61.51,62.07,62.07,62.25,62.29,62.43,62.55,62.76,62.81,62.86,62.87,62.87,62.89,62.92,63.04,63.14,63.14,63.23,63.25,63.30,63.41,63.50,63.52,63.62,63.64,63.64,63.67,63.69,63.73,63.84,63.93,64.25,64.25,64.36,64.53,64.60,64.71,64.76,64.77,64.78,64.81,64.86,65.23,65.28,65.28,65.28,65.28,65.28,65.28,65.29,65.30,65.31,65.31,65.31,65.33,65.35,65.37,65.39,65.39,65.39,65.39,65.41,65.54,65.57,65.59,65.61,65.62,65.62,65.78,65.89,65.96,65.97,66.00,66.00,66.00,66.15,66.25,66.29,66.30,66.35,66.36,66.36,66.43,66.46,66.48,66.54,66.56,66.56,66.57,66.62,66.65,66.70,66.89,66.98,66.98,66.99,67.04,67.21,67.28,67.65,67.67,67.69,67.69,67.91,68.05,68.05,68.05,73.71,73.85,73.93,74.19,74.47,74.59,74.74,74.82,74.84,74.95,74.99,74.99,75.05,75.19,75.34,75.41,75.42,75.53,75.62,75.77,75.84,75.93,75.93,75.94,76.10,76.10,76.16,76.26,76.26,76.35,76.35,76.50,76.59,76.74,76.79,76.85,76.86,76.86,76.86,76.94,77.00,77.06,77.16,77.17,77.17,77.18,77.24,77.27,77.27,77.28,77.29,77.29,77.31,77.46,77.49,77.49,77.50,77.51,77.51,77.54,77.65
MG,Minas Gerais,https://upload.wikimedia.org/wikipedia/commons/thumb/f/f4/Bandeira_de_Minas_Gerais.svg/180px-Bandeira_de_Minas_Gerais.svg.png,0.00,1.39,1.43,1.43,1.49,1.61,1.67,1.73,1.73,1.73,1.78,1.86,1.99,2.04,2.06,2.06,2.13,2.39,2.56,2.56,2.56,2.59,2.59,2.59,2.76,2.96,2.99,2.99,2.99,2.98,2.98,3.13,3.29,3.43,3.60,3.74,3.74,3.74,3.94,4.12,4.26,4.51,4.69,4.69,4.69,4.69,4.93,5.05,5.35,5.56,5.56,5.56,5.80,6.09,6.21,7.61,7.61,7.61,8.17,8.17,9.19,9.56,9.81,10.14,10.14,10.14,10.91,11.35,11.70,11.90,12.19,12.19,12.19,12.47,12.82,12.82,12.99,13.73,13.73,13.73,14.26,14.68,15.02,15.23,15.54,15.54,15.54,15.93,16.32,16.54,16.71,17.08,17.08,17.08,17.56,18.05,18.27,18.57,18.68,18.68,18.68,19.31,19.77,20.10,20.65,20.94,20.94,20.94,21.28,21.68,21.91,22.18,22.46,22.46,22.46,22.70,22.97,23.19,23.19,23.19,23.19,23.19,23.43,24.44,24.77,24.99,25.29,25.29,25.29,25.55,25.92,25.92,28.32,28.32,28.41,28.41,30.09,30.58,31.11,31.65,31.77,31.78,31.78,32.28,32.86,33.20,33.82,34.39,34.39,34.39,34.95,35.63,36.00,36.59,37.38,37.38,37.38,37.92,38.71,39.57,40.13,40.73,40.73,40.73,42.39,43.21,43.89,44.47,44.95,44.95,44.95,45.67,46.45,47.07,48.14,48.47,48.47,48.47,48.95,50.06,50.84,51.16,51.50,51.50,51.50,51.99,53.10,53.51,54.01,54.56,54.56,54.56,55.13,56.09,56.73,57.47,57.91,57.91,57.91,58.59,60.61,61.26,61.73,62.19,62.19,62.19,62.82,63.86,64.28,64.97,65.42,65.42,65.42,67.02,67.02,67.30,67.62,67.83,67.83,67.83,68.06,68.64,68.98,69.33,69.60,69.60,69.60,69.96,70.28,70.54,70.86,70.86,70.86,70.86,71.03,71.39,71.71,71.89,72.11,72.11,72.11,72.30,72.66,72.91,73.15,73.35,73.35,73.35,73.65,73.94,73.94,74.15,74.44,74.44,74.44,74.58,74.87,76.25,76.39,76.52,76.52,76.52,76.64,76.86,77.02,77.10,77.25,77.25,77.25,77.25,77.25,77.35,77.57,77.69,77.69,77.69,77.78,77.92,78.30,78.41,78.52,78.52,78.52,78.52,78.63,78.78,78.90,78.93,78.93,78.93,79.01,79.11,79.23,79.29,79.42,79.42,79.42,79.48,79.57,79.81,79.83,79.87,79.87,79.87,79.92,80.01,80.01,80.10,80.12,80.12,80.12,80.17,80.24,80.28,80.31,80.34,80.34,80.34,80.36,80.39,80.45,80.49,80.49,80.49,80.49,80.51,80.53,80.56,80.58,80.58,80.58,80.58,80.60,80.62,80.65,80.65,80.69,80.69,80.69,80.71,80.74,80.75,80.78,80.79,80.79,80.79,80.81,80.84,80.86,80.89,80.92,80.92,80.92,80.95,81.04,81.06,81.12,81.16,81.16,81.16,81.21,81.29,81.37,81.39,82.46,82.46,82.46,82.74,82.74,81.79,81.87,81.96,81.96,81.96,82.02,82.20,82.30,82.34,82.59,82.59,82.59,82.68,82.95,83.00,83.06,83.09,83.09,83.09,83.09,83.49,83.49,83.32,83.32,83.32,83.32,83.36,83.44,83.71,83.74,83.73,83.73,83.73,83.76,83.79,83.83,83.88,84.03,84.03,84.03,84.16,84.20,84.21,84.23,84.26,84.26,84.26,84.32,84.74,84.75,84.78,84.80,84.80,84.80,84.84,84.85,84.87,84.88,84.90,84.90,84.90,84.96,85.01,85.01,85.01,85.01,85.01,85.01,85.05,85.24
MS,Mato Grosso do Sul,https://upload.wikimedia.org/wikipedia/commons/thumb/6/64/Bandeira_de_Mato_Grosso_do_Sul.svg/180px-Bandeira_de_Mato_Grosso_do_Sul.svg.png,0.00,0.00,0.00,2.62,2.75,2.79,2.77,3.45,3.43,3.44,3.45,3.49,3.54,3.75,3.79,3.80,3.81,3.83,3.86,3.86,3.78,3.88,3.98,4.01,4.08,4.20,4.32,4.47,4.48,4.62,4.70,4.79,4.85,4.93,5.03,5.25,5.38,5.43,5.49,5.67,5.81,6.07,6.30,6.71,6.79,7.34,8.06,8.13,8.88,9.36,9.75,10.05,10.25,10.51,11.04,11.09,11.37,12.05,12.37,12.80,13.26,13.49,13.58,13.89,14.05,14.14,14.18,14.25,14.28,14.38,14.59,14.91,15.16,15.33,15.81,15.88,15.98,16.13,16.48,16.61,16.80,17.01,17.15,17.24,17.72,18.13,18.13,18.90,19.60,20.28,20.94,21.49,21.71,21.77,22.11,22.45,22.77,23.09,23.32,23.45,23.59,23.78,24.04,24.37,24.91,25.32,25.50,25.53,25.67,26.30,26.59,27.20,28.00,28.65,28.87,29.43,29.72,30.22,31.15,32.08,32.47,32.52,32.98,33.13,33.92,34.57,35.66,35.84,35.98,36.24,36.41,36.59,36.71,37.05,37.72,38.22,38.46,38.64,38.77,38.91,39.64,40.85,41.44,41.63,41.41,41.57,42.05,44.14,45.99,46.75,47.54,48.46,49.01,49.48,50.16,51.30,51.70,52.38,52.61,52.87,53.00,53.58,54.35,54.41,54.77,54.97,55.22,55.64,55.84,55.96,56.01,56.21,56.21,56.37,57.14,57.77,58.18,58.44,59.04,59.68,60.21,60.62,61.33,62.25,62.48,63.07,63.60,64.12,64.48,64.80,65.56,65.90,66.55,67.34,68.05,68.77,70.51,71.30,71.47,71.79,72.13,72.58,72.87,73.03,73.28,73.40,73.56,73.72,73.84,73.97,74.07,74.27,74.31,74.39,74.47,74.57,74.66,74.86,75.03,75.10,75.19,75.31,75.43,75.52,75.61,75.73,75.76,75.84,75.90,76.00,76.15,76.24,76.38,76.46,76.53,76.62,76.70,76.78,76.84,76.88,76.93,76.98,77.04,77.09,77.18,77.24,77.28,77.29,77.32,77.34,77.48,77.56,77.57,77.63,77.65,77.70,77.75,77.79,77.85,77.88,77.91,77.94,78.04,78.09,78.13,78.16,78.20,78.22,78.22,78.24,78.26,78.28,78.34,78.37,78.39,78.39,78.42,78.52,78.56,78.59,78.64,78.65,78.66,78.67,78.70,78.74,78.77,78.80,78.82,78.83,80.16,80.19,78.90,80.60,80.62,80.64,81.42,81.43,81.43,81.50,81.53,81.57,81.59,81.59,81.63,81.68,81.73,81.77,81.80,81.85,81.88,81.90,81.91,81.95,81.97,82.01,82.01,82.02,82.03,82.07,82.08,82.09,82.10,82.10,82.10,82.11,82.13,82.14,82.16,82.17,82.17,82.17,82.18,82.20,82.22,82.24,82.27,82.28,82.29,82.33,82.36,82.39,82.41,82.44,82.53,82.58,82.63,82.72,82.89,83.06,83.13,83.16,83.21,83.26,83.58,83.70,83.88,84.14,84.20,84.24,84.55,84.63,84.84,85.02,85.14,85.20,85.23,85.36,85.49,85.60,85.81,86.14,86.19,86.21,86.37,86.45,86.54,86.63,86.71,86.74,86.76,86.94,87.36,87.44,87.64,87.64,87.64,87.65,87.66,87.74,87.77,87.83,87.88,87.90,87.90,87.95,88.00,88.02,88.10,88.16,88.17,88.18,88.20,88.24,88.28,88.31,88.34,88.36,88.36,88.39,88.40,88.44,88.47,88.49,88.50,88.50,88.52,88.56,88.58,88.61,88.63,88.64,88.64,88.66,88.68,88.70,88.72,88.73,88.74,88.74,88.76,88.76,88.77,88.78,88.78,88.79,88.79,88.79,88.80
MT,Mato Grosso,https://upload.wikimedia.org/wikipedia/commons/thumb/0/0b/Bandeira_de_Mato_Grosso.svg/180px-Bandeira_de_Mato_Grosso.svg.png,0.00,0.00,0.00,0.00,0.00,0.00,0.00,0.00,0.00,2.03,2.05,2.09,2.13,2.17,2.20,2.20,2.24,2.32,2.36,2.38,2.38,2.40,2.40,2.41,2.43,2.43,2.51,2.59,2.68,2.68,2.68,2.78,2.82,2.83,3.01,3.16,3.18,3.18,3.28,3.35,3.49,3.58,3.67,3.71,3.72,3.81,3.97,4.08,4.23,4.37,4.49,4.50,4.60,4.67,4.74,5.31,5.42,5.57,5.61,5.87,6.02,6.32,6.66,6.88,7.29,7.35,7.50,7.69,8.32,8.54,8.62,9.04,9.07,9.28,9.28,9.28,9.28,10.40,10.60,10.65,10.88,11.14,11.21,11.55,11.80,11.98,12.01,12.25,12.51,12.71,12.87,13.03,13.06,13.09,13.09,13.60,13.88,14.09,14.32,14.45,14.48,14.69,14.86,15.18,15.44,15.46,15.76,15.80,15.98,16.31,16.58,16.79,17.10,17.18,17.19,17.39,17.55,17.85,18.07,18.21,18.37,18.42,18.70,18.99,19.42,19.86,20.27,20.71,20.75,21.04,21.35,21.77,22.22,22.73,23.18,23.20,23.51,24.02,24.48,24.92,25.76,26.05,26.30,26.39,27.32,27.32,28.10,28.90,29.08,29.39,29.73,30.00,30.82,31.25,31.68,31.68,32.87,33.18,34.03,34.60,35.16,35.79,36.19,36.31,36.44,37.29,38.04,38.99,39.92,40.76,41.32,41.60,42.02,43.10,43.10,44.34,44.97,45.28,45.35,45.35,46.34,46.84,47.37,47.37,47.61,48.27,48.59,48.95,49.60,50.24,50.43,50.43,50.43,51.85,51.85,52.76,53.26,53.26,53.83,54.52,54.99,55.70,56.18,56.80,57.48,57.95,57.98,58.43,58.84,59.26,59.75,60.16,60.35,60.36,60.45,60.56,60.79,61.07,61.42,61.61,61.62,61.88,62.20,62.21,62.82,63.19,63.38,63.39,63.65,63.89,64.22,64.48,64.83,65.02,65.04,65.32,65.61,65.88,66.26,66.51,66.65,66.67,66.93,67.24,67.57,67.91,68.20,68.43,68.43,68.43,68.44,68.72,69.10,69.41,69.62,69.62,69.80,69.86,69.87,70.08,70.19,70.66,71.36,71.52,71.67,71.93,72.14,72.14,72.27,72.35,72.38,72.39,72.39,72.66,72.40,74.79,75.13,75.13,75.13,73.26,73.39,73.49,73.53,73.53,73.54,73.65,73.65,73.65,73.65,73.65,74.05,74.14,74.25,74.43,74.52,74.52,74.52,74.52,74.52,74.52,74.40,74.40,74.45,74.45,74.83,74.91,74.96,75.03,75.03,75.03,75.03,75.03,75.03,75.03,75.03,75.03,75.03,75.03,75.03,75.03,75.07,75.07,75.07,75.07,75.07,75.07,75.07,75.07,75.07,75.07,75.07,75.07,75.07,75.08,75.08,75.08,75.08,75.08,75.08,75.08,75.08,75.08,75.08,75.08,75.08,75.44,75.77,75.77,75.77,75.86,75.86,76.03,76.03,76.03,76.03,76.10,76.15,76.21,76.21,76.21,76.54,76.54,76.54,76.55,76.55,76.55,76.55,76.93,76.99,77.09,77.24,77.45,77.60,77.72,78.22,78.22,78.27,78.41,78.59,78.68,78.77,78.79,78.79,79.19,79.19,79.20,79.29,79.32,79.34,79.36,79.36,79.36,79.40,79.43,79.45,79.45,79.53,79.59,79.62,79.62,79.75,79.78,79.81,79.81,79.81,79.82,79.86,79.93,79.95,79.96,79.96,79.97,79.97,80.00,80.01,80.07,80.07,80.16,80.24,80.29,80.31,80.35,80.38,80.38,80.38,80.44,80.46,80.49,80.54,80.56,80.58,80.59,80.60,80.67,80.71,80.73,80.73,80.73,80.75
PA,Pará,https://upload.wikimedia.org/wikipedia/commons/thumb/0/02/Bandeira_do_Par%C3%A1.svg/180px-Bandeira_do_Par%C3%A1.svg.png,0.00,0.00,0.00,0.00,0.00,0.00,0.00,0.00,1.35,1.35,1.42,1.44,1.44,1.16,1.23,1.23,1.31,1.34,1.44,1.49,1.62,1.62,1.62,1.62,1.62,1.62,1.69,1.74,1.87,1.98,2.02,2.06,2.64,2.64,2.80,2.81,2.82,2.84,2.97,3.06,3.11,3.17,3.18,3.28,3.29,3.44,3.56,3.72,3.87,4.12,4.29,4.69,5.51,5.51,6.26,6.67,7.21,7.79,7.82,7.90,7.96,8.12,8.85,8.94,9.47,9.71,10.00,10.26,10.47,10.57,10.67,10.76,10.82,10.92,10.98,11.03,11.09,11.09,11.22,11.24,12.02,12.04,12.10,12.17,12.18,12.21,12.24,12.28,12.67,12.70,14.50,14.55,14.60,14.64,14.68,14.74,14.78,14.83,14.87,14.89,14.95,14.99,15.02,15.04,15.07,15.13,15.18,15.24,15.29,15.30,15.32,15.35,15.38,15.41,15.44,16.03,16.06,16.07,16.09,16.12,17.93,18.06,18.08,18.19,18.21,18.48,18.52,18.54,18.58,18.62,18.65,18.95,21.94,23.64,23.72,25.75,25.80,27.25,27.29,28.37,29.62,29.66,29.70,29.76,30.20,30.26,30.30,30.36,30.41,30.46,31.29,31.34,31.39,31.43,31.47,31.50,31.57,31.62,32.22,32.29,32.74,32.84,32.93,33.00,33.06,33.13,34.76,34.81,34.90,34.98,35.64,35.67,35.73,36.05,36.09,36.32,36.38,36.42,37.18,37.22,38.09,38.15,38.26,38.30,38.35,38.41,38.47,38.48,40.36,40.43,40.49,40.51,41.77,41.84,41.87,43.21,43.26,43.32,43.37,43.42,43.46,45.66,45.71,45.76,45.81,45.86,45.91,48.18,48.21,48.26,48.31,48.36,48.41,48.46,48.50,48.54,48.58,50.63,50.68,50.73,50.77,50.81,50.85,50.90,50.94,50.98,51.01,51.05,51.09,51.13,51.17,51.21,51.25,51.29,51.32,51.37,51.41,52.87,52.91,52.95,52.98,53.03,53.07,53.11,53.15,53.19,53.22,53.22,53.28,53.30,53.33,59.00,59.05,59.09,59.15,59.18,59.23,59.28,59.32,59.36,59.39,59.43,59.47,59.51,59.55,59.60,59.61,59.61,59.70,59.73,59.78,59.85,59.92,60.05,60.11,60.16,60.22,60.30,60.36,60.40,60.45,60.51,60.92,60.96,61.01,61.13,61.23,61.32,61.44,61.96,62.02,62.09,62.18,62.27,62.35,62.42,62.48,62.48,62.63,63.50,63.50,63.75,63.76,63.93,64.00,64.08,64.17,64.17,64.37,64.49,64.58,64.64,64.86,66.13,67.24,67.38,67.45,67.52,67.59,67.68,67.79,67.87,67.96,67.96,68.06,68.12,68.21,68.61,68.70,68.74,68.77,68.79,68.83,68.91,69.01,69.09,69.15,69.23,69.33,69.37,69.42,69.48,69.56,69.61,69.67,69.72,69.77,69.81,69.85,69.96,70.07,70.11,70.15,70.18,70.21,70.25,70.28,70.29,70.30,70.33,70.34,70.35,70.37,70.41,70.45,70.50,70.52,70.56,70.61,70.64,70.82,70.99,71.10,71.20,71.25,71.42,71.55,71.61,71.65,71.69,71.74,71.79,71.84,71.88,71.92,71.97,72.01,72.03,72.05,72.06,72.08,72.12,72.16,72.19,72.23,72.25,72.33,72.37,78.86,78.98,79.10,79.15,79.17,79.20,79.23,79.28,79.94,79.96,79.98,80.01,80.02,80.05,80.08,80.12,80.14,80.19,80.20,80.23,80.25,80.27,80.28,80.29,80.31,80.32,80.34,80.36,80.39,80.40,80.41,80.42,80.44,80.47,80.47,80.52,80.52,80.55,80.55,80.58,80.58
PB,Paraíba,https://upload.wikimedia.org/wikipedia/commons/thumb/b/bb/Bandeira_da_Para%C3%ADba.svg/180px-Bandeira_da_Para%C3%ADba.svg.png,0.00,0.00,0.00,0.00,0.00,0.00,2.02,2.14,2.15,2.16,2.21,2.25,2.29,2.56,2.38,2.38,2.43,2.50,2.56,2.64,2.65,2.68,2.72,2.75,2.83,2.84,3.04,3.21,3.43,3.51,3.54,3.73,3.88,3.89,4.30,4.52,4.67,4.71,4.85,5.18,5.36,5.71,5.98,6.08,6.21,6.51,6.96,7.30,7.73,8.06,8.53,8.74,9.01,9.08,9.29,10.16,10.25,10.43,10.55,10.87,11.12,11.44,11.90,12.04,12.57,12.61,12.73,12.89,13.48,13.88,13.93,14.31,14.35,14.47,14.51,14.51,14.52,15.25,15.31,15.34,15.46,15.63,15.69,15.90,16.04,16.23,16.27,16.33,16.45,16.63,17.42,17.64,17.69,17.72,17.73,18.06,18.22,18.43,18.80,18.96,18.99,19.13,19.29,19.51,19.72,19.90,19.98,20.03,20.04,20.33,20.53,20.69,20.81,20.92,20.95,21.00,21.28,21.41,21.78,22.05,22.21,22.30,22.41,22.70,23.04,23.42,23.81,24.13,24.23,24.53,25.30,25.73,26.43,27.19,27.92,28.20,28.43,28.78,29.23,29.49,29.95,30.17,30.24,30.33,30.42,30.96,31.04,32.56,32.64,32.83,33.54,34.45,35.20,35.59,36.06,36.45,36.73,37.02,37.47,37.70,38.03,38.27,38.66,38.78,39.36,39.90,40.60,41.27,42.00,42.38,42.48,42.65,43.37,43.88,44.32,44.71,45.44,46.84,46.89,47.72,48.48,48.94,49.17,49.59,49.59,49.72,50.96,51.57,52.19,52.78,53.18,53.18,53.18,54.51,54.51,55.82,56.97,57.60,57.60,57.86,58.52,59.37,60.09,60.59,61.01,61.15,61.44,62.06,62.56,62.85,63.18,63.45,63.51,63.59,64.01,64.40,65.06,65.39,65.63,65.92,65.96,66.39,66.62,66.64,67.23,67.39,67.66,67.69,67.90,68.05,68.22,68.37,68.55,68.71,68.74,68.95,69.25,69.54,69.80,69.99,69.99,69.99,70.31,70.31,70.78,71.29,71.43,71.67,73.67,73.67,73.67,73.67,73.67,74.42,74.63,74.63,74.63,74.63,74.63,74.63,74.63,74.63,73.88,73.98,74.14,74.31,74.46,74.60,74.61,74.67,74.71,74.71,74.71,74.86,75.24,75.24,75.24,75.56,75.73,75.88,76.05,76.19,76.23,76.24,76.32,76.46,76.59,76.71,76.78,76.91,76.94,77.17,77.41,77.41,77.52,77.61,77.62,77.62,77.80,77.93,78.02,78.02,78.03,78.04,78.07,78.17,78.24,78.34,78.34,78.34,78.34,78.34,78.34,78.34,78.34,78.34,78.34,78.34,78.34,78.34,78.34,78.34,78.34,78.34,78.34,78.34,78.34,78.34,78.34,78.34,78.34,78.34,78.34,78.34,78.34,78.34,78.34,78.34,78.34,78.34,78.34,78.34,78.34,78.34,78.34,78.34,78.89,78.89,78.89,79.30,79.30,79.30,79.30,79.63,79.63,79.81,79.86,80.13,80.13,80.13,80.29,80.61,80.65,80.73,80.75,80.79,81.08,81.57,81.74,82.01,82.17,82.51,82.81,82.81,82.82,82.99,83.75,83.75,84.10,84.25,84.43,84.89,84.96,85.08,85.42,85.84,86.01,86.01,86.05,86.07,86.07,86.07,86.09,86.31,86.34,86.47,86.54,86.66,86.70,86.71,86.93,86.93,86.97,86.97,87.08,87.08,87.22,87.22,87.22,87.28,87.28,87.29,87.29,87.39,87.41,87.50,87.50,87.64,87.74,87.78,87.82,87.87,87.87,87.88,88.03,88.15,88.25,88.25,88.32,88.32,88.32,88.37,88.37,88.44,88.44,88.85,88.86,89.01,89.01
PE,Pernambuco,https://upload.wikimedia.org/wikipedia/commons/thumb/5/59/Bandeira_de_Pernambuco.svg/180px-Bandeira_de_Pernambuco.svg.png,1.79,1.97,1.97,2.03,2.08,2.14,2.21,2.30,2.32,2.32,2.37,2.38,2.44,2.62,2.68,2.69,2.70,2.76,2.80,2.86,2.89,3.34,3.02,3.03,3.18,3.31,3.46,3.62,3.68,3.79,3.84,3.97,4.14,4.19,4.37,4.50,4.54,4.59,4.76,4.90,4.99,5.09,5.17,5.19,5.30,5.43,5.65,6.18,6.40,6.96,6.96,7.47,7.77,8.07,8.75,9.00,9.20,9.29,9.30,9.48,9.82,10.17,10.33,10.72,10.81,11.15,11.31,11.50,11.76,11.92,12.04,12.10,12.13,12.28,12.59,12.72,12.90,13.19,13.24,13.31,13.51,13.68,13.92,14.08,14.21,14.29,14.31,14.43,14.57,14.84,14.97,15.17,15.29,15.36,15.50,15.64,15.89,16.03,16.14,16.19,16.26,16.41,16.56,16.74,16.90,17.23,17.28,17.40,17.58,17.73,17.93,18.25,18.41,18.78,18.84,19.04,19.26,19.57,20.05,20.39,20.75,20.96,21.25,22.24,22.89,23.58,24.19,24.71,24.71,25.53,26.59,27.22,27.88,28.46,28.76,29.04,29.28,29.74,30.38,30.71,30.79,31.11,31.26,31.54,32.01,32.47,32.82,33.40,33.73,34.24,34.45,34.70,35.32,36.20,37.00,38.58,38.78,39.35,39.75,40.16,40.54,40.91,41.09,41.19,41.53,41.84,42.06,42.65,43.36,43.62,43.86,44.29,44.66,45.16,45.47,45.88,46.09,46.29,46.53,46.97,47.35,47.83,48.37,48.77,48.97,49.23,49.58,50.12,50.68,51.19,51.63,51.75,52.23,52.85,53.39,53.90,54.49,54.83,55.04,55.27,55.75,56.54,57.09,58.01,58.19,58.36,58.90,59.38,60.05,60.38,60.85,61.04,61.24,61.67,61.96,62.30,62.78,63.03,63.24,63.32,63.72,64.31,64.63,65.02,65.40,65.60,65.76,66.13,66.71,66.95,67.31,67.51,67.57,67.64,67.78,68.04,68.25,68.67,68.92,68.97,69.11,69.26,69.45,69.74,69.85,70.14,70.19,70.27,70.32,70.46,70.54,70.58,70.72,70.90,70.96,71.20,71.51,71.59,71.75,72.05,72.27,72.31,72.54,72.84,72.98,73.18,73.42,73.75,73.81,73.88,73.90,73.93,74.23,74.42,74.55,74.57,74.77,74.83,74.89,74.99,75.12,75.15,75.18,75.19,75.29,75.40,75.45,75.60,75.97,75.99,76.05,76.17,76.23,76.37,76.34,76.40,76.41,76.43,76.43,76.44,76.49,76.53,76.54,76.57,76.60,76.71,76.77,76.90,76.94,76.95,76.97,76.99,77.07,77.12,77.17,77.27,77.28,77.29,77.35,77.55,77.60,77.63,77.64,77.64,77.65,77.67,77.70,77.70,77.73,77.73,77.73,77.74,77.75,77.75,77.81,77.82,77.85,77.88,77.90,77.93,78.01,78.04,78.04,78.05,78.09,78.09,78.15,78.19,78.31,78.80,78.93,78.61,78.65,78.72,78.82,78.88,79.05,79.20,79.26,79.33,79.35,79.38,79.80,79.99,80.21,80.22,80.28,80.63,80.67,81.18,81.48,81.73,81.74,81.84,81.86,81.89,82.61,82.85,83.11,83.12,83.15,83.33,83.52,83.55,83.63,83.74,83.79,83.82,84.27,84.41,84.48,84.63,84.76,84.77,84.77,84.89,85.01,85.04,85.08,85.10,85.30,85.30,85.42,85.53,85.55,85.61,85.72,85.75,85.77,85.83,85.85,85.93,85.98,86.04,86.04,86.04,86.09,86.11,86.13,86.14,86.16,86.22,86.23,86.27,86.55,86.57,86.60,86.60,86.61,86.61,86.68,86.69,86.76,86.81,86.81,86.82,86.82,86.82,86.97
PI,Piauí,https://upload.wikimedia.org/wikipedia/commons/thumb/3/33/Bandeira_do_Piau%C3%AD.svg/180px-Bandeira_do_Piau%C3%AD.svg.png,0.00,0.00,0.00,0.00,0.00,0.00,1.64,1.71,1.74,1.74,1.84,1.87,1.91,1.93,1.96,1.97,1.98,1.99,2.00,2.09,2.13,2.14,2.17,2.17,2.19,2.43,2.51,2.60,2.73,2.75,2.76,2.91,2.99,3.03,3.10,3.32,3.37,3.40,3.57,3.66,3.77,3.86,3.97,3.99,4.02,4.12,4.35,4.75,5.31,5.87,6.14,6.51,6.80,7.21,7.98,8.22,8.30,8.34,8.46,8.89,9.10,9.52,9.57,9.76,9.78,9.84,10.16,10.23,10.39,10.54,10.68,10.71,10.74,11.12,11.27,11.35,11.48,11.63,11.68,11.70,11.76,12.00,12.30,12.51,12.66,12.71,12.73,12.91,13.57,14.04,14.45,14.69,14.79,14.83,15.05,15.19,15.47,15.65,15.95,16.02,16.04,16.18,16.58,16.79,16.94,17.23,17.31,17.38,17.45,17.65,17.81,17.96,18.05,18.07,18.10,18.16,18.36,18.51,18.63,18.78,18.87,18.91,20.49,20.72,20.94,21.27,22.16,22.24,22.29,23.45,23.69,24.61,24.95,25.58,25.72,25.78,26.73,27.19,27.58,28.09,28.96,29.04,29.12,29.39,29.79,30.28,31.30,31.74,31.90,31.98,32.84,33.29,34.26,34.68,35.01,35.09,35.12,35.38,36.00,36.56,37.13,37.39,37.45,37.50,37.65,38.28,38.63,39.57,39.97,40.04,40.09,40.87,41.22,41.74,42.27,42.70,42.76,42.77,43.16,43.50,43.81,44.34,44.66,44.73,44.76,45.35,45.72,46.19,46.86,47.84,47.97,48.03,48.28,48.58,48.94,49.62,50.34,50.44,50.45,52.36,52.86,53.37,54.03,55.10,55.33,55.40,56.56,57.27,57.63,58.21,58.61,58.88,59.10,60.13,60.30,60.57,60.82,61.19,61.20,61.35,61.63,61.74,61.92,62.09,62.30,62.34,62.37,62.80,62.95,63.18,63.36,63.48,63.50,63.51,63.96,64.21,64.47,64.46,64.76,64.94,64.97,65.05,65.72,65.80,66.04,66.29,66.38,66.48,68.96,68.96,69.03,69.39,69.77,69.96,70.04,70.07,70.76,71.22,71.34,71.65,71.67,71.70,71.77,72.04,72.11,72.23,72.41,72.43,72.45,72.56,72.63,72.91,73.01,73.91,74.08,74.15,74.23,74.40,74.75,74.93,75.06,75.13,75.15,75.15,75.52,75.55,75.61,75.75,75.76,75.77,75.87,76.36,76.44,76.61,76.70,76.73,76.73,76.79,76.87,76.88,76.99,77.52,78.72,78.72,78.81,78.87,78.92,79.07,79.47,79.48,79.49,79.57,79.59,79.61,79.69,79.74,79.76,79.76,79.76,79.76,84.74,84.75,84.76,84.76,84.76,84.78,84.78,84.89,84.90,84.98,84.99,84.99,85.03,85.04,85.15,85.17,85.19,85.19,85.19,85.22,85.23,85.26,85.28,85.29,85.30,85.30,85.31,85.33,85.34,85.40,85.43,85.44,85.45,85.47,85.52,85.60,86.03,86.13,86.15,86.16,86.28,86.45,86.59,87.03,87.79,87.79,87.79,87.80,87.96,88.43,88.73,88.96,89.05,89.15,89.46,89.71,89.74,90.51,90.69,90.74,90.77,91.09,91.23,91.40,91.54,91.98,92.04,92.06,92.12,92.12,92.14,92.31,93.28,93.28,93.28,93.37,93.44,93.66,93.75,93.98,94.05,94.06,94.15,94.20,94.26,94.37,94.45,94.46,94.46,94.52,94.55,94.59,94.64,94.64,94.65,94.65,94.66,94.67,94.71,94.72,94.74,94.74,94.75,94.76,94.77,94.79,94.80,95.03,95.03,95.03,95.04,95.05,95.05,95.10,95.10,95.10,95.10,95.10,95.20
PR,Paraná,https://upload.wikimedia.org/wikipedia/commons/thumb/9/93/Bandeira_do_Paran%C3%A1.svg/180px-Bandeira_do_Paran%C3%A1.svg.png,0.00,0.00,0.00,0.00,0.00,0.00,0.00,0.00,0.00,0.00,2.24,2.24,2.33,2.36,2.41,2.41,2.41,2.47,2.49,2.49,2.55,2.59,2.59,2.59,2.60,2.76,2.81,2.89,2.93,3.27,3.27,3.43,3.60,3.81,3.92,3.99,3.99,3.99,4.16,4.40,4.56,4.66,4.81,4.86,4.87,5.07,5.31,5.54,6.13,6.53,6.65,6.89,8.12,8.76,9.42,9.80,9.93,10.00,10.03,10.42,10.56,10.72,10.86,10.93,10.99,11.03,11.35,11.55,11.67,11.75,11.82,11.84,11.95,12.44,12.69,12.80,13.10,13.29,13.34,13.41,14.07,14.43,14.78,15.02,15.17,15.22,15.29,15.64,15.98,16.28,16.50,16.69,16.74,16.74,16.84,17.66,17.83,18.10,18.28,18.28,18.28,18.67,18.85,18.94,19.45,19.78,19.79,19.81,19.94,20.05,20.14,20.25,20.39,20.40,20.40,20.49,20.55,22.77,22.77,23.34,23.69,24.07,24.19,24.68,25.17,26.02,26.94,27.76,28.04,28.19,29.08,29.49,30.36,31.77,32.24,32.49,33.11,33.84,34.58,35.18,35.66,36.09,36.34,36.44,37.52,37.62,38.13,38.61,39.10,39.35,39.51,40.49,41.19,42.16,42.94,43.98,43.83,43.98,44.59,45.61,46.16,46.54,46.90,47.01,47.20,47.89,48.40,48.73,49.17,50.02,50.02,50.32,50.99,51.86,52.14,52.42,52.84,52.93,52.97,53.48,54.26,54.90,55.49,56.05,56.34,56.36,56.52,57.54,57.98,59.12,59.52,59.52,59.52,60.36,61.19,61.78,62.26,62.92,62.92,63.17,63.39,64.71,64.96,65.59,66.34,66.88,66.94,67.26,67.75,68.09,68.37,68.86,69.16,69.16,69.16,69.25,69.34,69.45,69.61,69.74,69.74,69.80,70.16,70.24,70.68,71.00,71.50,71.58,71.73,71.96,72.17,72.39,72.59,72.76,72.78,72.91,73.06,73.34,73.60,73.87,74.03,74.05,74.05,74.41,74.92,75.15,75.34,75.38,75.38,75.43,75.43,75.51,75.68,75.79,75.93,75.93,75.93,75.93,75.94,75.95,75.95,76.27,76.45,77.24,77.57,77.79,77.97,78.05,78.15,78.15,78.16,78.18,78.18,78.44,78.44,78.47,78.79,79.21,79.21,80.36,78.85,79.21,79.47,79.88,79.88,80.07,80.17,80.25,80.36,80.41,80.42,80.50,80.58,80.59,80.70,80.75,80.94,80.94,80.96,80.96,81.43,81.43,81.43,81.43,81.43,81.43,81.54,81.60,81.60,81.60,81.60,81.60,81.60,81.60,81.60,81.60,81.60,81.60,81.60,81.60,81.60,81.60,81.60,81.60,81.60,81.60,81.60,81.60,81.60,81.60,81.60,81.63,81.63,81.63,81.63,81.63,81.63,81.63,81.63,81.63,81.63,81.63,81.63,81.63,81.63,81.63,82.19,82.19,82.19,82.19,82.19,82.19,82.19,82.37,82.37,82.44,82.49,82.59,82.64,82.64,83.03,83.08,83.08,83.53,83.53,83.79,83.79,84.22,84.29,84.59,84.78,85.06,85.17,85.22,85.28,85.42,85.55,85.67,85.67,85.92,85.95,86.16,86.16,86.19,86.56,86.77,86.87,86.90,86.92,86.93,86.93,86.95,86.95,87.05,87.09,87.13,87.15,87.20,87.22,87.29,87.42,87.45,87.47,87.47,87.47,87.47,87.55,87.68,87.71,87.73,87.73,87.75,87.81,87.90,87.91,87.98,87.99,88.09,88.16,88.20,88.24,88.27,88.30,88.31,88.33,88.36,88.39,88.42,88.44,88.46,88.46,88.47,88.47,88.52,88.54,88.54,88.54,88.54,89.51
RJ,Rio de Janeiro,https://upload.wikimedia.org/wikipedia/commons/thumb/7/73/Bandeira_do_estado_do_Rio_de_Janeiro.svg/180px-Bandeira_do_estado_do_Rio_de_Janeiro.svg.png,0.00,0.00,0.00,0.00,0.00,0.00,0.00,0.00,0.00,0.00,0.00,0.00,2.34,2.41,2.41,2.46,2.47,2.47,2.49,2.52,2.60,2.64,2.88,2.88,2.88,3.15,3.25,3.32,3.41,3.50,3.74,3.74,3.84,4.02,4.17,4.24,4.38,4.38,4.38,4.46,4.46,4.66,4.81,4.91,4.91,4.91,5.04,5.21,5.38,5.56,5.78,5.78,5.78,6.25,6.73,7.09,7.09,7.56,7.60,7.60,8.17,8.17,8.79,9.08,9.39,9.39,9.41,9.87,9.90,10.34,10.52,10.72,10.72,10.75,11.08,11.15,11.24,11.66,11.68,11.68,11.68,12.13,12.47,12.87,13.13,13.13,13.13,13.45,13.67,13.83,13.84,14.19,14.19,14.15,15.32,15.64,16.15,16.37,16.45,16.45,16.45,16.84,16.84,16.84,17.39,17.40,17.49,20.19,20.33,20.54,20.70,20.83,22.07,22.17,22.18,22.46,22.72,23.09,23.24,23.42,23.59,23.60,24.05,24.47,25.04,25.51,25.96,26.17,26.19,26.60,26.89,27.40,27.92,28.42,28.64,28.68,29.12,29.56,30.05,30.52,31.34,31.51,31.58,31.71,32.70,32.70,33.63,34.44,34.50,34.96,35.45,36.03,36.80,37.19,37.49,37.75,38.41,38.78,39.51,40.15,40.71,41.23,41.49,41.54,41.54,42.42,42.87,43.52,43.99,44.17,44.23,44.45,44.63,45.41,45.41,46.50,47.04,47.25,47.31,47.31,48.60,49.19,49.86,49.86,50.14,50.80,51.40,51.91,52.37,52.81,52.96,52.96,52.96,54.95,54.95,56.47,57.17,57.17,57.96,58.19,58.72,59.24,59.65,60.18,60.77,61.15,61.22,61.84,62.40,62.73,63.20,63.55,63.70,63.72,63.95,64.04,64.50,64.93,65.42,65.63,65.69,66.06,66.44,66.47,67.36,67.82,67.95,67.97,68.31,68.65,69.13,69.49,70.10,70.46,70.49,70.84,71.15,71.42,71.66,71.90,71.99,72.00,72.23,72.44,72.62,72.80,72.98,73.04,73.05,73.05,73.05,73.22,73.58,73.79,73.87,73.89,74.07,74.09,74.09,74.14,74.23,74.58,74.87,75.01,75.12,75.27,75.39,75.39,75.48,75.52,75.54,75.55,75.56,75.78,75.86,75.89,75.89,76.01,76.11,76.20,76.28,76.39,76.41,76.43,76.44,76.53,76.53,76.53,76.61,76.70,76.77,76.80,76.81,76.89,76.97,76.97,77.04,77.04,77.24,77.24,77.28,77.28,77.28,77.41,77.41,77.41,77.41,77.41,77.41,77.41,77.41,77.41,77.41,77.41,77.41,77.41,77.41,77.41,77.41,77.41,77.41,77.41,77.41,77.41,77.41,77.41,77.41,77.41,77.41,77.41,77.41,77.41,77.41,77.41,77.41,77.41,77.41,77.41,77.41,77.41,77.41,77.41,77.41,77.41,77.41,77.92,77.92,77.92,77.92,77.92,77.92,77.96,77.96,77.96,77.96,78.56,78.57,78.74,78.74,78.74,78.85,78.58,78.63,78.70,78.84,79.03,79.08,79.26,79.34,79.41,79.61,79.91,80.06,80.10,80.15,80.15,80.15,80.36,80.52,80.60,80.67,80.67,80.67,80.67,80.89,81.08,81.16,81.21,81.70,81.71,81.71,81.71,81.71,81.80,81.81,81.90,81.93,82.00,82.03,82.03,82.17,82.20,82.23,82.23,82.27,82.27,82.27,82.33,82.37,82.38,82.38,82.38,82.38,82.40,82.40,82.42,82.51,82.69,82.78,82.83,82.88,82.92,82.94,82.94,82.97,83.02,83.07,83.11,83.16,83.17,83.18,83.21,83.21,83.28,83.30,83.31,83.32,83.32,83.76
RN,Rio Grande do Norte,https://upload.wikimedia.org/wikipedia/commons/thumb/3/30/Bandeira_do_Rio_Grande_do_Norte.svg/180px-Bandeira_do_Rio_Grande_do_Norte.svg.png,0.00,0.00,0.00,0.00,0.00,0.00,0.00,0.00,2.10,2.10,2.12,2.14,2.16,2.23,2.29,2.29,2.29,2.36,2.38,2.44,2.50,2.53,2.53,2.54,2.59,2.70,2.85,3.00,3.15,3.17,3.18,3.32,3.46,3.62,3.78,3.87,3.89,3.91,4.09,4.25,4.43,4.59,4.65,4.71,4.72,4.87,5.09,5.43,5.87,6.33,6.52,6.67,7.19,7.80,8.45,8.71,8.77,8.87,8.96,9.41,9.80,10.18,10.45,10.68,10.78,10.85,11.06,11.28,11.50,11.69,11.74,11.74,11.74,12.12,12.33,12.44,12.65,12.80,12.84,12.86,13.07,13.37,13.56,13.62,13.93,13.99,14.05,14.27,14.59,14.86,15.11,15.30,15.38,15.39,15.59,15.84,16.02,16.22,16.40,16.45,16.45,16.73,17.10,17.49,17.81,18.04,18.12,18.16,18.43,18.67,18.90,19.10,19.42,19.54,19.61,19.93,20.30,20.70,20.81,20.95,21.10,21.28,21.65,22.14,22.58,23.06,23.42,23.89,24.08,24.80,25.62,26.45,27.25,27.82,28.05,28.21,28.82,29.45,29.91,30.27,30.60,30.85,31.00,31.54,32.19,32.68,32.95,33.66,33.91,34.04,35.14,35.85,36.61,37.27,37.78,38.05,38.19,38.74,39.22,39.68,40.01,40.33,40.52,40.61,41.10,41.13,41.74,42.24,42.93,43.17,43.31,43.87,44.27,44.60,45.08,45.50,45.63,45.71,46.22,46.92,47.55,48.03,48.58,48.83,48.91,49.58,50.34,51.17,52.08,52.90,53.07,53.20,54.07,54.61,55.87,56.80,57.46,57.72,57.83,58.45,59.28,59.95,60.45,60.88,61.16,61.21,61.58,61.91,62.21,62.50,62.70,62.76,62.78,62.85,62.90,63.08,63.30,63.53,63.63,63.66,63.92,64.27,64.66,65.07,65.40,65.52,65.57,65.94,66.38,66.80,67.21,67.61,67.78,67.83,68.17,68.55,68.97,69.25,69.53,69.63,69.67,69.90,70.15,70.39,70.60,70.76,70.82,70.86,70.91,70.94,71.12,71.26,71.39,71.49,71.51,71.66,71.80,71.95,72.10,72.23,72.27,72.29,72.42,72.54,72.65,72.77,72.85,72.87,72.88,72.90,72.91,73.03,73.12,73.22,73.24,73.25,73.36,73.47,73.56,73.67,73.76,73.79,73.80,73.81,73.90,73.97,74.07,74.15,74.17,74.18,74.26,74.35,74.45,74.55,74.61,74.72,74.73,74.82,74.91,75.00,75.08,75.14,75.17,75.19,75.26,75.33,75.40,75.47,75.51,75.52,75.52,75.57,75.61,75.66,75.71,75.75,75.76,75.77,75.82,75.85,75.90,75.94,75.95,75.95,75.95,75.98,76.02,76.05,76.07,76.07,76.08,76.08,76.10,76.13,76.15,76.17,76.19,76.19,76.19,76.23,76.25,76.28,76.32,76.34,76.35,76.35,76.38,76.45,76.54,76.65,76.76,76.82,76.85,76.97,77.13,77.33,77.55,77.75,77.86,77.91,78.10,78.33,78.58,78.87,79.13,79.20,79.22,79.43,79.66,79.89,80.11,80.34,80.41,80.44,80.61,80.78,80.95,81.12,81.25,81.30,81.35,81.49,81.63,81.75,81.87,81.97,81.99,82.00,82.01,82.01,82.03,82.12,82.20,82.23,82.24,82.28,82.55,82.55,82.55,82.61,82.63,82.64,82.68,82.77,82.84,82.89,82.95,83.02,83.03,83.09,83.14,83.19,83.23,83.27,83.28,83.28,83.32,83.36,83.39,83.42,83.45,83.46,83.46,83.48,83.51,83.54,83.58,83.60,83.61,83.61,83.61,83.65,83.68,83.68,83.69,83.69,83.69,83.70,83.72
RO,Rondônia,https://upload.wikimedia.org/wikipedia/commons/thumb/f/fa/Bandeira_de_Rond%C3%B4nia.svg/180px-Bandeira_de_Rond%C3%B4nia.svg.png,0.00,0.00,0.00,0.00,0.00,0.00,0.00,0.00,0.00,0.00,2.03,2.09,2.14,2.25,2.36,2.38,2.38,2.42,2.45,2.53,2.58,2.64,2.64,2.64,2.64,2.64,2.65,2.68,2.74,2.75,2.75,2.84,2.85,2.88,2.94,3.05,3.09,3.09,3.20,3.24,3.34,3.39,3.48,3.51,3.51,3.58,3.66,3.94,4.10,4.31,4.52,4.52,4.58,5.06,5.28,5.48,6.11,6.18,6.18,6.28,6.69,7.13,7.15,7.53,7.53,7.62,8.13,8.31,8.36,10.42,8.83,8.85,8.85,8.91,9.09,9.12,9.31,9.39,9.67,9.67,9.90,10.30,10.47,10.55,10.79,10.83,10.83,11.12,11.17,11.17,11.17,11.65,11.65,11.65,11.95,12.00,12.06,12.11,12.20,12.21,12.21,12.26,12.30,12.33,12.33,12.26,12.28,12.28,12.30,12.45,12.85,12.85,12.85,12.86,12.86,12.86,12.86,12.86,12.78,15.18,15.62,15.99,16.34,16.82,17.39,17.85,18.35,18.88,18.88,19.11,19.51,20.11,20.74,21.34,21.96,22.38,22.61,23.18,23.93,24.60,25.51,26.11,26.11,26.28,26.36,27.57,27.57,28.71,29.19,29.33,29.55,30.16,30.78,31.42,31.99,31.99,31.99,32.65,33.14,33.14,35.40,35.82,36.04,36.12,36.27,36.78,36.78,37.88,38.46,39.11,39.12,39.57,40.25,40.76,40.77,42.42,42.60,42.60,43.01,43.78,44.26,44.90,45.40,45.53,45.73,46.06,46.85,47.78,48.47,49.14,49.14,49.14,50.61,51.28,52.24,52.25,53.21,53.46,53.52,54.03,55.08,55.75,56.70,57.63,57.94,58.00,58.52,59.07,59.42,59.89,60.61,60.72,60.88,61.25,61.28,61.59,61.99,62.39,62.46,62.48,62.49,62.76,62.79,63.32,63.44,63.50,63.52,63.71,63.86,64.08,64.22,64.37,64.40,64.41,64.52,64.55,64.69,64.97,65.09,65.12,65.13,65.19,65.28,65.41,65.50,65.61,65.64,65.64,65.70,65.71,65.76,65.80,65.99,66.19,66.19,66.27,66.30,66.30,66.30,66.39,66.54,66.77,66.85,66.92,67.08,67.17,67.17,67.17,67.18,67.18,67.18,67.30,67.44,67.45,67.45,69.07,69.37,69.37,69.37,69.37,69.37,69.37,69.37,69.37,69.37,69.37,69.37,69.37,69.37,69.37,69.38,69.38,69.38,69.38,69.38,69.38,69.38,69.38,69.38,69.38,69.38,69.38,69.39,69.39,69.39,69.39,69.39,69.39,69.39,69.39,69.39,70.68,70.68,70.68,70.68,70.68,70.68,70.68,70.68,70.68,70.68,70.68,70.68,70.68,70.68,70.68,70.68,70.68,70.68,70.68,70.68,70.68,70.68,70.68,70.68,70.68,70.68,70.73,70.73,70.73,70.73,70.73,70.73,70.73,71.33,71.33,71.33,71.33,71.40,71.40,71.40,71.68,71.68,71.68,71.68,71.68,71.68,71.68,71.68,71.68,72.11,72.11,72.12,72.12,72.12,72.12,72.12,72.12,72.12,72.12,72.12,72.12,72.12,72.12,72.12,72.12,72.17,72.17,72.34,72.34,72.34,72.42,72.42,74.05,74.05,74.05,74.05,74.05,74.05,74.05,74.05,74.05,74.05,74.05,74.05,74.05,74.05,74.05,74.05,74.05,74.05,74.05,74.05,74.05,74.06,74.06,74.06,74.06,74.06,74.06,74.06,74.06,74.06,74.06,74.06,74.06,74.06,74.06,74.06,74.06,74.06,74.06,74.06,74.06,74.06,74.06,74.06,74.06,74.06,74.06,74.06,74.06,74.06,74.06,74.06,74.06,74.06,74.06,74.06
RR,Roraima,https://upload.wikimedia.org/wikipedia/commons/thumb/9/98/Bandeira_de_Roraima.svg/180px-Bandeira_de_Roraima.svg.png,0.00,0.00,0.00,0.00,0.00,0.00,0.00,0.00,0.00,0.00,3.69,3.69,3.69,3.84,3.95,3.95,3.95,3.99,3.99,3.99,4.21,4.43,4.43,4.43,4.43,4.43,4.43,3.55,3.68,3.80,3.80,3.84,3.93,3.93,4.21,4.33,4.33,4.33,4.38,4.42,4.48,4.54,4.58,4.58,4.58,5.19,5.45,5.67,5.82,5.94,5.94,5.94,5.94,6.50,6.56,6.82,6.82,6.82,6.82,7.37,7.49,7.49,7.83,8.31,8.45,8.45,8.45,9.23,9.23,9.44,9.57,9.66,9.66,9.91,9.95,9.95,9.96,10.21,10.21,10.21,10.21,10.39,10.50,10.50,10.63,10.63,10.63,10.67,10.71,10.76,10.84,10.94,10.94,10.94,10.94,10.94,11.37,11.45,11.63,11.63,11.63,11.85,11.85,12.16,12.32,12.43,12.43,12.43,12.43,12.73,13.86,13.86,13.18,13.33,13.48,13.52,13.71,13.82,13.96,13.96,13.96,16.11,16.11,16.32,16.62,16.89,17.19,17.48,17.60,17.60,18.26,18.49,18.74,19.41,20.12,20.23,20.58,21.25,21.91,22.50,22.90,23.33,23.66,23.95,24.15,24.69,25.15,25.76,26.12,26.23,26.97,27.61,28.15,28.58,28.80,28.95,28.97,29.27,29.83,30.45,30.86,31.61,31.98,32.03,32.22,32.56,33.04,33.90,34.59,34.81,35.64,36.38,37.13,37.96,38.66,39.01,39.31,39.39,39.58,39.92,40.21,40.53,40.85,41.03,41.10,41.21,41.22,41.29,41.35,41.41,41.45,41.45,41.45,41.53,41.71,41.93,42.15,42.36,42.77,42.77,42.96,43.12,43.43,43.78,44.01,46.79,47.35,47.56,47.59,48.65,49.11,49.11,49.11,49.43,49.55,49.66,49.91,50.14,50.41,50.56,50.56,50.73,51.01,51.02,51.45,51.65,51.72,51.72,52.11,52.55,52.74,52.90,53.00,53.05,53.05,54.06,54.13,54.23,54.31,54.37,54.37,54.37,54.44,54.44,54.45,54.45,54.45,54.45,54.69,54.69,54.74,54.88,55.07,55.18,55.23,55.23,55.33,55.36,55.36,55.36,55.36,55.38,55.93,56.03,56.03,56.28,56.28,56.28,56.29,57.42,57.46,57.49,57.49,57.87,57.87,57.87,57.87,57.88,57.88,58.73,58.93,59.10,59.16,59.17,59.17,59.43,59.43,59.43,59.43,59.43,59.43,59.43,59.43,59.44,59.44,59.44,59.44,59.44,59.55,60.35,60.35,60.35,60.35,60.35,61.04,61.18,61.30,61.45,61.45,61.45,61.45,61.45,61.45,61.45,61.45,61.45,61.45,61.45,61.45,61.45,61.45,61.45,61.45,61.45,61.45,61.45,61.45,61.45,61.45,61.45,61.45,61.45,61.45,61.45,61.45,61.45,61.45,61.45,61.45,61.45,61.45,61.45,61.45,61.45,61.45,61.54,61.54,61.54,61.54,61.54,61.54,63.50,63.50,63.50,63.50,63.50,63.37,63.37,63.37,63.37,63.86,63.87,63.87,63.87,63.87,63.87,63.87,63.87,63.87,63.87,63.87,63.87,63.87,63.87,63.87,63.87,63.87,63.87,63.87,65.77,65.85,66.62,66.62,66.73,66.95,67.15,67.22,67.22,67.24,67.24,67.24,67.27,67.27,67.32,67.32,67.55,67.65,67.73,67.77,67.89,67.93,67.98,68.00,68.00,68.00,68.00,68.00,68.00,68.00,68.00,68.00,68.00,68.00,68.00,68.00,68.00,68.00,68.00,68.00,68.00,68.00,68.02,68.06,68.06,68.08,68.16,68.22,68.22,68.36,68.39,68.39,68.42,68.42,68.49,68.49,68.49,68.54,68.54,68.56
RS,Rio Grande do Sul,https://upload.wikimedia.org/wikipedia/commons/thumb/6/63/Bandeira_do_Rio_Grande_do_Sul.svg/180px-Bandeira_do_Rio_Grande_do_Sul.svg.png,0.00,0.00,0.00,0.00,0.00,2.17,2.35,2.49,2.66,2.76,3.03,3.08,3.16,3.34,3.45,3.61,3.65,3.69,3.73,3.82,3.87,3.93,4.00,4.03,4.07,4.23,4.35,4.50,4.62,4.74,4.77,4.79,4.89,4.95,5.02,5.05,5.17,5.25,5.36,5.47,5.82,5.93,6.14,6.22,6.28,6.84,7.20,7.60,8.09,8.54,8.90,8.95,9.31,9.47,9.77,10.31,10.31,10.31,11.06,11.18,11.68,12.74,13.89,14.12,14.58,15.06,15.38,15.67,16.03,16.67,16.68,16.93,17.01,17.42,17.46,17.48,17.58,18.14,18.16,18.16,18.34,19.20,19.44,19.66,19.86,19.94,19.94,20.05,20.38,20.84,21.23,21.56,21.56,21.63,22.04,22.08,22.82,23.13,23.57,23.71,23.76,24.03,24.37,24.77,25.01,25.14,25.18,25.27,25.88,26.19,26.51,26.80,27.14,27.26,27.29,27.59,27.93,28.38,28.53,28.88,29.05,29.09,29.60,30.21,30.86,31.53,32.21,32.51,32.63,33.38,34.05,34.88,35.60,36.23,36.43,36.51,37.12,37.70,38.20,38.64,39.03,39.46,39.53,39.98,40.96,41.58,42.18,42.82,43.27,43.35,44.11,44.95,46.02,46.52,47.29,48.25,48.38,49.12,49.82,50.33,50.77,51.08,51.53,51.58,51.75,52.89,53.27,53.88,54.59,54.87,54.90,55.46,55.86,56.19,56.20,56.74,57.13,57.14,57.48,57.77,58.26,58.79,59.26,59.54,59.57,59.91,60.69,61.30,61.98,62.03,62.61,62.61,62.66,63.74,64.51,64.52,65.16,65.49,65.66,66.26,66.80,67.38,67.98,68.47,68.81,68.97,69.00,69.30,69.61,69.89,70.14,70.31,70.39,70.40,70.55,70.55,70.64,70.80,70.96,71.01,71.02,71.16,71.53,71.79,72.09,72.29,72.33,72.34,72.38,72.56,72.60,73.10,73.47,73.60,73.62,73.97,74.31,74.61,74.87,75.10,75.19,75.22,75.49,75.70,75.91,76.07,76.22,76.23,76.24,76.33,76.33,76.44,76.63,76.77,76.86,76.90,77.06,77.07,77.10,77.25,77.44,77.44,77.94,78.12,78.21,78.43,78.54,78.57,78.57,78.58,78.61,78.61,78.72,78.82,78.82,78.82,78.97,79.10,79.21,79.29,79.56,79.76,79.79,79.80,79.81,79.88,79.97,80.04,80.14,80.16,80.16,80.24,80.34,80.34,80.41,80.48,80.50,80.50,80.65,80.73,80.80,81.37,81.44,81.44,80.83,80.79,80.84,80.88,80.88,80.88,80.88,80.88,80.88,80.88,80.88,80.88,80.88,80.88,80.88,80.88,80.88,80.88,80.88,80.88,80.88,80.88,80.88,80.88,80.88,80.88,80.88,80.88,80.88,80.88,80.88,80.88,80.88,80.88,80.88,80.88,80.88,80.88,80.88,80.88,80.88,80.88,81.27,81.27,81.28,81.28,81.28,81.38,81.38,81.38,81.41,81.41,81.49,81.56,81.56,81.56,81.66,81.66,81.75,81.86,82.00,82.21,82.21,82.32,82.39,82.48,82.61,83.30,83.48,83.48,83.58,83.76,83.80,84.03,84.43,84.68,84.82,84.83,84.84,85.14,85.49,85.74,85.86,85.86,85.87,85.89,85.90,85.98,85.99,86.05,86.10,86.17,86.22,86.28,86.30,86.41,86.43,86.47,86.49,86.49,86.60,86.65,86.68,86.74,86.74,86.76,86.79,86.79,86.81,86.84,86.91,86.91,86.97,87.01,87.04,87.07,87.10,87.13,87.14,87.14,87.17,87.21,87.21,87.26,87.29,87.33,87.34,87.34,87.36,87.38,87.38,87.47,87.47,87.47,87.49
SC,Santa Catarina,https://upload.wikimedia.org/wikipedia/commons/thumb/1/1a/Bandeira_de_Santa_Catarina.svg/180px-Bandeira_de_Santa_Catarina.svg.png,0.00,0.00,0.00,0.00,0.00,0.00,0.00,1.64,1.64,1.64,1.80,1.80,1.98,1.98,2.08,2.08,2.08,2.16,2.16,2.20,2.20,2.25,2.25,2.25,2.49,2.49,2.82,2.82,3.06,3.06,3.06,3.43,3.43,3.70,3.70,3.87,3.87,3.87,4.18,4.18,4.30,4.30,4.44,4.44,4.44,5.50,5.50,6.21,6.21,7.03,7.03,7.03,7.76,7.76,8.41,8.41,8.99,8.99,8.99,9.75,9.75,10.35,10.35,10.66,10.66,10.66,11.32,11.32,11.51,11.51,11.87,11.87,11.87,12.42,12.42,12.42,12.67,13.68,13.68,13.68,14.04,14.04,14.38,14.38,14.67,14.67,14.67,15.30,15.30,16.08,16.08,16.71,16.71,16.71,17.08,17.08,17.78,17.78,18.23,18.23,18.23,18.70,18.70,19.47,19.47,20.27,20.27,20.27,20.51,20.51,21.32,21.32,21.32,21.32,21.32,23.21,23.61,23.61,24.51,24.82,24.80,24.80,25.35,25.68,27.26,27.49,28.21,28.26,28.26,29.46,30.12,30.77,31.22,33.69,33.70,33.70,33.70,33.70,33.55,33.82,34.16,34.18,34.18,35.16,35.59,36.14,36.40,36.82,36.85,36.85,38.01,38.81,39.83,40.78,41.37,41.47,41.47,42.38,42.92,43.43,46.06,46.46,46.61,46.75,47.92,48.30,48.55,48.95,49.71,49.78,49.81,50.94,51.58,51.92,52.26,52.74,52.80,52.80,53.36,53.73,54.29,54.87,55.32,55.39,55.39,56.30,57.13,57.89,58.35,58.91,59.11,59.20,60.64,61.07,62.07,62.94,63.88,64.02,64.03,65.06,65.77,66.48,67.01,67.55,67.83,67.83,68.67,69.16,69.43,69.84,70.03,70.04,70.04,70.19,70.50,70.67,70.97,71.20,71.23,71.23,71.50,71.77,71.94,72.09,72.62,72.66,72.66,73.07,73.26,73.43,73.53,73.98,74.10,74.10,74.66,74.70,74.81,74.98,75.14,75.16,75.16,75.56,75.84,76.17,76.25,76.30,76.45,76.86,76.86,76.87,76.87,76.87,78.65,78.59,78.67,78.68,79.00,79.35,79.37,79.47,79.66,79.93,79.94,80.10,80.27,80.42,80.61,80.71,80.77,80.78,80.81,80.82,80.93,81.04,81.04,81.80,82.25,82.25,82.25,82.25,82.25,82.25,82.25,82.25,81.50,81.91,82.06,82.16,82.27,82.39,82.40,82.51,82.63,82.60,82.75,82.85,82.88,82.88,83.04,83.17,83.17,83.24,83.24,83.24,83.29,83.36,83.40,83.48,83.48,83.48,83.48,83.48,83.48,83.48,83.48,83.48,83.48,83.48,83.48,83.48,83.48,83.48,83.48,83.48,83.48,83.48,83.48,83.48,83.48,83.48,83.48,83.48,83.48,83.48,83.48,83.48,83.48,83.52,83.52,83.52,83.52,83.52,83.52,83.52,83.52,84.18,84.18,84.18,84.18,84.14,84.26,84.26,84.26,84.49,84.54,84.54,84.54,84.70,84.70,84.70,84.70,84.89,84.91,85.03,85.14,85.15,85.26,85.30,85.34,85.42,85.48,86.34,86.49,86.49,86.49,86.74,86.81,86.99,87.22,87.46,87.54,87.55,87.56,87.57,87.72,87.87,87.95,87.99,87.99,88.01,88.03,88.07,88.08,88.08,88.21,88.28,88.31,88.31,88.31,88.47,88.59,88.64,88.69,88.69,88.94,89.00,89.06,89.10,89.10,89.10,89.10,89.10,89.10,89.10,89.10,89.10,89.10,89.10,89.10,89.10,89.10,89.10,89.10,89.10,89.11,89.11,89.11,89.11,89.11,89.11,89.11,89.11,89.11,89.11,89.11,89.11,89.11,89.11,89.11
SE,Sergipe,https://upload.wikimedia.org/wikipedia/commons/thumb/b/be/Bandeira_de_Sergipe.svg/180px-Bandeira_de_Sergipe.svg.png,0.00,0.00,0.00,0.00,1.27,1.39,1.39,1.63,1.63,1.68,1.71,1.74,1.77,1.81,1.84,1.84,1.84,1.88,1.91,1.93,1.95,1.97,1.97,1.97,1.98,2.11,2.34,2.65,2.93,2.93,2.93,3.20,3.44,3.62,3.70,3.87,3.87,3.87,3.98,4.17,4.23,4.26,4.42,4.49,4.49,4.49,4.68,5.35,5.83,6.29,6.48,6.48,6.79,7.25,7.92,8.22,8.22,8.29,8.29,8.60,9.05,9.45,9.86,10.19,10.32,10.37,10.53,11.11,11.26,11.49,11.61,11.72,11.83,11.98,12.31,12.48,12.65,12.84,12.93,12.93,13.15,13.41,13.63,13.80,13.93,13.93,13.93,13.98,14.08,14.32,14.43,14.63,14.69,14.69,14.95,15.09,15.31,15.54,15.69,15.80,16.10,16.24,16.58,17.05,17.35,17.70,17.91,17.91,18.05,18.57,18.81,19.29,19.58,19.78,19.89,20.02,20.37,20.68,21.15,21.37,21.37,21.56,22.01,22.63,23.30,24.03,24.44,24.74,25.27,25.57,26.93,27.43,27.94,29.16,29.16,29.16,30.97,31.68,31.83,31.83,31.83,31.83,31.83,33.23,33.42,34.23,34.66,35.00,35.33,35.65,36.06,37.56,38.17,38.17,39.82,39.98,39.98,40.54,40.54,40.82,40.81,40.99,41.40,41.40,41.95,42.45,42.72,43.06,43.83,44.02,44.02,44.61,44.91,45.06,45.52,46.03,46.03,46.13,46.37,47.19,47.87,48.31,48.64,48.94,48.94,49.66,50.03,51.20,52.14,52.79,53.12,53.18,53.81,54.50,55.91,56.76,57.40,57.40,57.56,58.33,58.88,59.43,60.03,60.41,62.29,62.29,63.00,63.14,63.41,63.58,63.73,63.76,63.76,63.78,63.78,63.85,64.12,64.50,64.58,64.58,64.97,65.39,65.74,66.13,66.74,66.74,66.74,67.45,67.90,68.25,68.51,68.77,69.08,69.17,69.44,69.95,70.31,70.61,70.89,71.12,71.28,71.42,71.64,72.04,72.16,72.32,72.32,72.35,72.35,72.35,72.45,72.57,72.70,72.71,72.73,72.84,72.89,72.98,73.04,73.17,73.27,73.27,73.38,73.51,73.61,73.71,73.77,73.77,73.81,73.81,73.81,74.00,74.09,74.20,74.22,74.22,74.29,74.39,74.50,74.59,74.68,74.70,74.70,74.70,74.77,74.88,75.01,75.11,75.18,75.20,75.25,75.31,75.40,75.49,75.57,75.59,75.59,75.63,75.69,75.85,75.94,76.02,76.02,76.12,76.18,76.23,76.30,76.37,76.48,76.50,76.50,76.54,76.63,76.67,76.73,76.76,76.76,76.76,76.77,76.83,76.83,76.83,76.83,76.83,76.83,76.83,76.83,76.83,76.83,76.83,76.83,76.83,76.83,77.37,77.38,77.39,77.43,77.44,77.44,77.45,77.47,77.49,77.51,77.54,77.55,77.55,77.56,77.61,77.66,77.83,77.95,77.97,77.97,78.10,78.23,78.43,78.66,78.79,78.88,78.88,79.08,79.33,79.51,79.79,79.99,80.11,80.11,80.32,80.58,80.94,81.23,81.43,81.58,81.58,81.82,82.14,82.34,82.51,82.65,82.75,82.75,82.93,83.20,83.35,83.50,83.72,83.75,83.75,83.75,83.75,83.76,83.84,83.95,83.97,83.97,84.05,84.13,84.21,84.32,85.46,85.49,85.49,85.56,85.62,85.68,85.73,85.77,85.79,85.79,85.83,85.87,85.91,85.97,86.02,86.02,86.02,86.05,86.09,86.12,86.16,86.19,86.19,86.19,86.19,86.19,86.25,86.25,86.31,86.31,86.31,86.31,86.34,86.36,86.38,86.38,86.38,86.38,86.40,86.41
SP,São Paulo,https://upload.wikimedia.org/wikipedia/commons/thumb/2/2b/Bandeira_do_estado_de_S%C3%A3o_Paulo.svg/180px-Bandeira_do_estado_de_S%C3%A3o_Paulo.svg.png,0.00,0.00,0.00,0.00,0.00,0.00,0.00,0.00,0.00,0.00,0.00,3.17,3.28,3.38,3.47,3.51,3.52,3.60,3.67,3.73,3.78,3.83,3.93,3.96,4.20,4.42,4.69,4.93,5.09,5.20,5.22,5.38,5.53,5.66,5.78,5.89,5.96,5.97,6.26,6.44,6.61,6.78,7.20,7.40,7.43,7.73,7.96,8.15,8.43,8.89,9.11,9.15,9.50,9.74,9.92,10.12,10.23,10.37,10.39,10.69,11.02,11.28,11.45,11.58,11.74,11.77,12.09,12.39,12.65,12.85,13.01,13.17,13.22,13.46,13.73,14.19,14.49,14.91,15.06,15.09,15.34,15.54,15.78,16.14,16.38,16.43,16.45,16.60,16.89,17.25,17.84,18.39,18.67,18.70,18.91,19.15,19.52,19.85,20.29,20.55,20.73,20.95,21.41,21.73,22.04,22.46,22.66,22.70,23.02,23.34,23.64,23.94,24.38,24.62,24.65,24.98,25.32,25.77,26.02,26.31,26.50,26.53,26.89,27.27,27.65,28.07,28.61,28.95,28.98,29.54,30.19,31.08,32.14,33.09,33.98,34.07,34.80,35.52,36.42,37.31,38.19,38.85,38.92,39.76,40.71,41.64,42.44,43.16,43.52,43.56,44.45,45.17,46.09,47.01,47.74,47.97,48.01,48.72,49.30,49.82,50.57,51.38,52.14,52.24,53.10,53.95,54.79,55.58,56.29,56.73,56.79,57.41,58.05,58.44,58.93,59.60,59.98,60.02,60.39,61.30,62.07,62.85,63.61,63.97,64.01,64.59,65.51,66.42,67.40,68.39,69.33,69.87,70.57,71.24,71.86,72.32,72.85,73.42,73.80,74.35,74.65,74.73,73.97,74.25,74.39,74.43,75.02,75.66,76.26,76.72,77.15,77.32,77.35,77.77,77.85,78.28,78.80,79.21,79.44,79.49,79.86,80.22,80.52,80.77,80.99,81.11,81.14,81.30,81.44,81.59,81.73,81.86,81.92,81.94,82.07,82.19,82.29,82.39,82.48,82.59,82.60,82.69,82.77,82.86,82.93,82.99,83.02,83.03,83.04,83.05,83.11,83.17,83.24,83.31,83.31,83.37,83.43,83.49,83.55,83.62,83.65,83.66,83.74,83.77,83.83,83.90,83.94,83.97,83.97,83.98,83.98,84.04,84.11,84.17,84.20,84.21,84.26,84.31,84.36,84.40,84.45,84.47,84.47,84.48,84.52,84.56,84.60,84.64,84.66,84.66,84.70,84.74,84.78,84.82,84.85,84.86,84.86,84.90,84.94,84.98,85.02,85.06,85.08,85.08,85.11,85.15,85.18,85.21,85.24,85.26,85.26,85.29,85.32,85.35,85.37,85.40,85.41,85.41,85.43,85.46,85.48,85.50,85.50,85.50,85.50,85.52,85.54,85.55,85.57,85.57,85.57,85.57,85.59,85.61,85.64,85.67,85.69,85.70,85.70,85.73,85.75,85.77,85.80,85.83,85.83,85.83,85.89,85.89,86.00,86.06,86.12,86.30,86.43,86.74,86.96,87.33,87.68,88.01,88.33,88.38,88.76,89.12,89.43,89.71,89.99,90.41,90.44,90.64,90.82,90.97,91.10,91.25,91.35,91.37,91.48,91.58,91.68,91.77,91.88,91.96,91.96,92.05,92.13,92.21,92.29,92.37,92.40,92.40,92.41,92.41,92.45,92.51,92.57,92.60,92.61,92.66,92.71,92.76,92.81,92.87,92.90,92.90,92.95,92.99,93.03,93.08,93.13,93.16,93.16,93.21,93.25,93.29,93.33,93.37,93.38,93.40,93.43,93.46,93.49,93.51,93.54,93.55,93.55,93.58,93.60,93.62,93.64,93.66,93.67,93.67,93.69,93.71,93.73,93.74,93.74,93.75,93.75,93.76,93.78
TO,Tocantins,https://upload.wikimedia.org/wikipedia/commons/thumb/f/ff/Bandeira_do_Tocantins.svg/180px-Bandeira_do_Tocantins.svg.png,0.00,0.00,0.00,0.00,0.00,0.00,0.00,0.00,0.00,0.00,0.00,1.82,1.83,1.83,1.84,1.84,1.84,2.18,2.34,2.51,2.72,2.77,2.77,2.77,2.82,2.84,2.97,3.09,3.14,3.21,3.21,3.22,3.27,3.34,3.41,3.50,3.52,3.52,3.54,3.58,3.62,3.69,3.82,3.88,3.89,3.93,4.02,4.10,4.25,4.43,4.93,5.07,5.23,5.37,5.50,6.11,6.14,6.14,6.53,6.56,6.87,7.19,7.65,7.86,8.20,8.47,8.49,8.60,8.73,8.80,8.99,9.13,9.17,9.30,9.32,9.32,9.32,9.70,9.70,9.70,9.71,10.55,10.58,10.70,10.95,11.20,11.20,11.20,11.49,11.72,11.89,12.14,12.20,12.24,12.24,12.24,12.89,12.98,13.24,13.58,13.58,13.58,13.89,14.25,14.57,14.82,14.84,15.18,15.30,15.48,15.83,16.04,16.32,16.42,16.44,16.55,16.76,16.99,17.26,17.44,17.54,17.56,17.69,17.98,18.39,18.83,19.45,19.85,19.92,20.19,20.52,21.09,21.59,22.18,22.53,22.62,22.93,23.55,24.23,24.57,24.57,26.00,26.06,26.55,27.35,27.89,28.47,29.20,29.80,29.91,30.22,30.90,31.46,32.11,32.75,33.45,33.53,33.78,34.23,34.81,35.29,35.87,36.07,36.21,36.49,36.99,37.22,37.80,38.27,38.50,38.54,38.69,38.98,39.25,39.73,40.32,40.75,40.84,41.05,41.28,41.71,42.41,43.22,43.72,43.84,44.05,44.39,44.75,45.20,45.99,46.84,46.84,46.84,47.85,48.48,49.04,49.04,49.04,49.04,49.04,52.00,52.36,52.81,53.34,53.72,53.81,53.84,54.45,54.81,55.07,55.37,55.53,55.61,55.62,55.85,55.92,56.45,56.86,57.44,57.60,57.66,58.06,58.82,59.32,59.83,60.13,60.22,60.27,60.58,60.82,61.26,61.67,61.99,62.16,62.23,62.54,62.87,63.16,63.43,63.67,63.67,63.72,63.80,63.89,64.11,64.40,64.61,64.64,64.65,64.75,64.75,64.88,65.06,65.19,65.30,65.31,65.45,65.47,65.47,65.57,65.72,65.86,66.08,66.21,66.34,66.43,66.43,66.43,66.59,66.64,66.65,66.66,66.75,66.84,66.84,66.88,66.95,67.04,67.14,67.24,67.32,67.40,67.40,67.42,67.42,67.49,67.57,67.65,67.73,67.73,67.75,67.83,67.91,67.91,68.00,68.06,68.06,68.06,68.21,68.30,68.39,68.39,68.40,68.40,68.42,68.50,68.59,68.67,68.67,68.67,68.67,68.67,68.67,68.67,68.67,68.67,68.67,68.67,68.67,68.67,68.67,68.67,68.67,68.67,68.67,68.67,68.67,68.67,68.67,68.67,68.67,68.67,68.67,68.67,68.67,68.67,68.67,68.67,68.67,68.67,68.67,68.67,68.67,68.67,68.67,69.26,69.26,69.40,69.40,69.40,69.43,69.43,69.43,69.31,69.34,69.34,69.34,69.83,69.94,69.94,69.94,70.02,70.11,70.21,70.22,70.23,70.49,71.52,71.59,71.59,71.83,72.16,72.30,72.34,72.36,72.38,72.38,72.61,72.77,72.85,72.91,72.94,72.94,72.96,73.17,73.36,73.45,73.47,73.47,73.47,73.48,73.50,73.50,73.55,73.56,73.65,73.69,73.77,73.80,73.83,73.97,74.01,74.04,74.04,74.05,74.07,74.08,74.08,74.08,74.09,74.10,74.10,74.11,74.15,74.15,74.21,74.27,74.36,74.42,74.46,74.50,74.53,74.55,74.55,74.58,74.62,74.65,74.67,74.69,74.71,74.72,74.73,74.73,74.79,74.79,74.80,74.80,74.80,74.81
TOTAL,Brazil,https://upload.wikimedia.org/wikipedia/commons/thumb/0/05/Flag_of_Brazil.svg/210px-Flag_of_Brazil.svg.png,1.61,1.67,1.69,1.79,1.92,2.05,2.17,2.34,2.38,2.40,2.52,2.52,2.59,2.67,2.72,2.75,2.77,2.84,2.89,2.93,3.00,3.04,3.08,3.09,3.22,3.36,3.51,3.64,3.76,3.85,3.89,4.02,4.14,4.26,4.40,4.51,4.57,4.60,4.77,4.92,5.07,5.23,5.44,5.55,5.59,5.82,6.06,6.35,6.67,7.06,7.23,7.34,7.73,8.04,8.39,8.82,8.94,9.09,9.23,9.49,9.86,10.19,10.52,10.73,10.93,11.02,11.31,11.58,11.82,12.05,12.21,12.34,12.40,12.63,12.86,13.02,13.19,13.62,13.71,13.74,14.01,14.32,14.55,14.78,15.00,15.06,15.09,15.30,15.57,15.85,16.22,16.57,16.68,16.71,17.00,17.28,17.62,17.87,18.13,18.25,18.34,18.59,18.88,19.14,19.45,19.71,19.82,20.10,20.35,20.60,20.84,21.07,21.43,21.58,21.62,21.93,22.21,22.65,22.87,23.17,23.42,23.52,23.85,24.38,24.88,25.36,25.88,26.17,26.33,26.82,27.41,27.96,28.96,29.72,30.13,30.34,30.97,31.57,32.14,32.72,33.31,33.65,33.76,34.24,35.00,35.55,36.11,36.73,37.03,37.17,37.80,38.42,39.13,39.74,40.32,40.68,40.84,41.31,41.85,42.35,42.96,43.43,43.76,43.86,44.40,45.03,45.60,46.13,46.74,47.06,47.16,47.59,48.07,48.55,48.94,49.47,49.76,49.85,50.16,50.73,51.45,51.96,52.48,52.72,52.83,53.26,53.92,54.57,55.30,55.96,56.41,56.59,57.15,58.03,58.56,59.27,59.85,60.22,60.42,61.02,61.69,62.26,62.47,62.95,63.27,63.43,63.82,64.46,64.91,65.30,65.66,65.84,65.92,66.29,66.40,66.69,67.04,67.43,67.62,67.71,67.92,68.24,68.55,68.78,69.14,69.32,69.40,69.58,69.84,70.07,70.33,70.56,70.75,70.83,70.98,71.22,71.45,71.71,71.94,72.06,72.12,72.23,72.42,72.61,72.79,72.94,73.02,73.07,73.21,73.26,73.31,73.66,73.89,74.03,74.08,74.15,74.30,74.51,74.58,74.68,74.74,74.82,74.96,75.12,75.25,75.38,75.50,75.55,75.58,75.60,75.62,75.68,75.80,75.93,75.98,76.11,76.23,76.34,76.45,76.58,76.60,76.64,76.68,76.71,76.74,76.85,76.91,76.99,77.05,77.11,77.18,77.25,77.30,77.36,77.46,77.49,77.52,77.56,77.64,77.75,77.81,77.89,77.93,77.95,77.96,78.01,78.05,78.11,78.18,78.19,78.19,78.12,78.12,78.21,78.28,78.33,78.34,78.35,78.37,78.41,78.54,78.57,78.58,78.58,78.58,78.60,78.65,78.69,78.71,78.71,78.72,78.72,78.73,78.82,78.85,78.88,78.90,78.91,78.92,78.96,78.99,78.99,79.02,79.04,79.05,79.14,79.25,79.28,79.36,79.45,79.51,79.58,79.61,79.73,79.83,80.01,80.17,80.34,80.44,80.46,80.67,80.80,80.95,81.10,81.37,81.52,81.56,81.78,81.89,81.94,82.13,82.37,82.47,82.52,82.62,82.73,82.87,82.99,83.34,83.44,83.47,83.56,83.67,83.80,83.93,84.06,84.10,84.12,84.20,84.25,84.28,84.31,84.37,84.42,84.44,84.49,84.55,84.63,84.93,84.99,85.13,85.15,85.20,85.23,85.27,85.31,85.39,85.43,85.44,85.49,85.52,85.55,85.58,85.61,85.63,85.65,85.69,85.78,85.83,85.85,85.88,85.90,85.91,85.92,85.96,86.00,86.03,86.05,86.07,86.08,86.10,86.13,86.14,86.17,86.17,86.20,86.21,86.22,86.35
